Player ID,first_name,last_name,team,hits,avg,homeruns,atbats,obp,stolenbases,rbi
547989,Jose,Abreu,Chicago White Sox,132,.265,22,499,.325,2,78
660670,Ronald,Acuna,Atlanta Braves,127,.293,26,433,.366,16,64
592094,Jason,Adam,Chicago Cubs,0,.---,0,0,.---,0,0
642715,Willy,Adames,Tampa Bay Rays,80,.278,10,288,.348,6,34
613534,Austin,Adams,San Diego Padres,0,.---,0,0,.---,0,0
664856,Chance,Adams,Kansas City Royals,0,.---,0,0,.---,0,0
572669,Lane,Adams,Minnesota Twins,6,.240,2,25,.345,1,6
571431,Matt,Adams,Atlanta Braves,73,.239,21,306,.309,0,57
501303,Ehire,Adrianza,Minnesota Twins,84,.251,6,335,.301,5,39
542583,Jesus,Aguilar,Miami Marlins,135,.274,35,492,.352,0,108
605113,Nick,Ahmed,Arizona Diamondbacks,121,.234,16,516,.290,5,70
458006,Matt,Albers,Milwaukee Brewers,0,.---,0,0,.---,0,0
593643,Hanser,Alberto,Baltimore Orioles,5,.185,0,27,.241,0,0
645277,Ozzie,Albies,Atlanta Braves,167,.261,24,639,.305,14,72
645261,Sandy,Alcantara,Miami Marlins,0,.000,0,12,.077,0,0
622505,Victor,Alcantara,Detroit Tigers,0,.---,0,0,.---,0,0
518397,Scott,Alexander,Los Angeles Dodgers,0,.000,0,5,.000,0,0
595751,Jorge,Alfaro,Miami Marlins,90,.262,10,344,.324,3,37
546990,Anthony,Alford,Pittsburgh Pirates,2,.105,0,19,.190,1,1
663465,Kolby,Allard,Texas Rangers,1,1.000,0,1,1.000,0,0
592102,Cody,Allen,Chicago Cubs,0,.---,0,0,.---,0,0
656185,Greg,Allen,San Diego Padres,68,.257,2,265,.310,21,20
501659,Abraham,Almonte,San Diego Padres,24,.179,3,134,.260,2,9
622075,Yency,Almonte,Colorado Rockies,0,.000,0,1,.000,0,0
546991,Albert,Almora,Chicago Cubs,127,.286,5,444,.323,1,41
475174,Yonder,Alonso,San Diego Padres,129,.250,23,516,.317,0,83
571437,Aaron,Altherr,New York Mets,44,.181,8,243,.295,3,38
514888,Jose,Altuve,Houston Astros,169,.316,13,534,.386,17,61
621237,Jose,Alvarado,Tampa Bay Rays,0,.---,0,0,.---,0,0
501625,Jose,Alvarez,Philadelphia Phillies,0,.---,0,0,.---,0,0
474463,Brett,Anderson,Milwaukee Brewers,1,.250,0,4,.250,0,0
605119,Brian,Anderson,Miami Marlins,161,.273,11,590,.357,2,65
502624,Chase,Anderson,Toronto Blue Jays,4,.089,0,45,.089,0,2
623454,Drew,Anderson,Chicago White Sox,0,.000,0,3,.000,0,0
605121,Justin,Anderson,Los Angeles Angels,0,.---,0,0,.---,0,0
664196,Tanner,Anderson,Oakland Athletics,0,.000,0,1,.000,0,0
641313,Tim,Anderson,Chicago White Sox,136,.240,20,567,.281,26,64
542881,Tyler,Anderson,San Francisco Giants,5,.100,0,50,.167,0,1
607430,John,Andreoli,Boston Red Sox,14,.230,0,61,.284,2,4
542882,Matt,Andriese,Los Angeles Angels,0,.000,0,1,.000,0,0
462101,Elvis,Andrus,Texas Rangers,101,.256,6,395,.308,5,33
609280,Miguel,Andujar,New York Yankees,170,.297,27,573,.328,2,92
606157,Aristides,Aquino,Cincinnati Reds,0,.000,0,1,.000,0,0
644364,Victor,Arano,Philadelphia Phillies,0,.---,0,0,.---,0,0
502042,Chris,Archer,Pittsburgh Pirates,2,.118,0,17,.118,0,0
516472,Francisco,Arcia,Los Angeles Angels,21,.204,6,103,.226,1,23
606115,Orlando,Arcia,Milwaukee Brewers,82,.236,3,348,.268,7,30
571448,Nolan,Arenado,Colorado Rockies,175,.297,38,590,.374,2,110
542888,Shawn,Armstrong,Baltimore Orioles,0,.---,0,0,.---,0,0
453562,Jake,Arrieta,Philadelphia Phillies,6,.133,1,45,.188,0,3
624414,Christian,Arroyo,Boston Red Sox,14,.264,1,53,.339,0,6
553902,Willians,Astudillo,Minnesota Twins,33,.355,3,93,.371,0,21
592122,Tyler,Austin,Milwaukee Brewers,56,.230,17,244,.287,1,47
623214,Abiatal,Avelino,San Francisco Giants,3,.273,0,11,.273,0,0
488671,Alex,Avila,Minnesota Twins,32,.165,7,194,.299,0,20
501593,Luis,Avilan,New York Yankees,0,.000,0,1,.000,0,0
446099,John,Axford,Toronto Blue Jays,0,.---,0,0,.---,0,0
664056,Harrison,Bader,St. Louis Cardinals,100,.264,12,379,.334,15,37
595879,Javier,Baez,Chicago Cubs,176,.290,34,606,.326,21,111
520980,Pedro,Baez,Los Angeles Dodgers,0,.000,0,4,.000,0,0
622783,Sandy,Baez,Detroit Tigers,0,.---,0,0,.---,0,0
456701,Homer,Bailey,Minnesota Twins,3,.115,0,26,.148,0,0
542908,Jett,Bandy,Boston Red Sox,12,.188,1,64,.268,0,1
592127,Johnny,Barbato,Detroit Tigers,0,.---,0,0,.---,0,0
605131,Austin,Barnes,Los Angeles Dodgers,41,.205,4,200,.329,4,14
606930,Jacob,Barnes,Los Angeles Angels,0,.---,0,0,.---,0,0
598264,Matt,Barnes,Boston Red Sox,0,.---,0,0,.---,0,0
501817,Tony,Barnette,Chicago Cubs,0,.---,0,0,.---,0,0
571466,Tucker,Barnhart,Cincinnati Reds,114,.248,10,460,.328,0,46
571467,Steven,Baron,Cleveland Indians,1,.200,0,5,.200,0,0
620439,Franklin,Barreto,Los Angeles Angels,17,.233,5,73,.253,0,16
642545,Jaime,Barria,Los Angeles Angels,0,.000,0,5,.000,0,0
641341,Tyler,Bashlor,Pittsburgh Pirates,0,.000,0,1,.000,0,0
542914,Anthony,Bass,Toronto Blue Jays,0,.---,0,0,.---,0,0
545333,Trevor,Bauer,Cincinnati Reds,0,.000,0,3,.000,0,0
641343,Jake,Bauers,Cleveland Indians,65,.201,11,323,.316,6,48
571473,Buddy,Baumann,New York Mets,0,.000,0,1,.000,0,0
639373,Gerson,Bautista,Seattle Mariners,0,.---,0,0,.---,0,0
430832,Jose,Bautista,Philadelphia Phillies,66,.203,13,325,.348,4,48
622441,Rafael,Bautista,Washington Nationals,0,.000,0,6,.000,0,0
542921,Tim,Beckham,Seattle Mariners,85,.230,12,369,.287,1,35
592135,Cam,Bedrosian,Los Angeles Angels,0,.---,0,0,.---,0,0
595881,Tyler,Beede,San Francisco Giants,0,.000,0,2,.000,0,0
656222,Jalen,Beeks,Tampa Bay Rays,0,.000,0,2,.000,0,0
279571,Matt,Belisle,Minnesota Twins,0,.---,0,0,.---,0,0
605137,Josh,Bell,Pittsburgh Pirates,131,.261,12,501,.357,2,62
641355,Cody,Bellinger,Los Angeles Dodgers,145,.260,25,557,.343,14,76
474832,Brandon,Belt,San Francisco Giants,101,.253,14,399,.342,4,46
134181,Adrian,Beltre,Texas Rangers,118,.273,15,433,.328,1,65
643217,Andrew,Benintendi,Boston Red Sox,168,.290,16,579,.366,21,87
621244,Jose,Berrios,Minnesota Twins,0,.000,0,4,.000,0,0
542932,Jon,Berti,Miami Marlins,4,.267,0,15,.267,1,2
476454,Dellin,Betances,New York Mets,0,.000,0,1,.000,0,0
605141,Mookie,Betts,Los Angeles Dodgers,180,.346,32,520,.438,30,80
607352,Joe,Biagini,Houston Astros,0,.---,0,0,.---,0,0
592145,Jesse,Biddle,Cincinnati Reds,1,.500,0,2,.500,0,1
669456,Shane,Bieber,Cleveland Indians,1,.250,0,4,.400,0,0
595885,Greg,Bird,Texas Rangers,54,.199,11,272,.286,0,38
621389,Ty,Blach,Baltimore Orioles,1,.034,0,29,.097,0,0
605143,Ray,Black,Milwaukee Brewers,0,.---,0,0,.---,0,0
621112,Paul,Blackburn,Oakland Athletics,0,.000,0,2,.000,0,0
453568,Charlie,Blackmon,Colorado Rockies,182,.291,29,626,.358,12,70
607468,Alex,Blandino,Cincinnati Reds,30,.234,1,128,.324,0,8
518466,Jabari,Blash,Los Angeles Angels,4,.103,0,39,.200,2,1
542947,Richard,Bleier,Miami Marlins,0,.---,0,0,.---,0,0
593428,Xander,Bogaerts,Boston Red Sox,148,.288,23,513,.360,8,103
593528,Jorge,Bonifacio,Detroit Tigers,53,.225,4,236,.312,0,23
623520,David,Bote,Chicago Cubs,44,.239,6,184,.319,3,33
571506,Justin,Bour,Los Angeles Angels,96,.227,20,423,.341,2,59
488721,Peter,Bourjos,Los Angeles Angels,9,.205,1,44,.239,0,4
621199,Matt,Bowman,Cincinnati Reds,0,.000,0,1,.000,0,0
502202,Brad,Boxberger,Miami Marlins,0,.---,0,0,.---,0,0
571510,Matthew,Boyd,Detroit Tigers,0,.000,0,2,.000,0,0
430641,Blaine,Boyer,Kansas City Royals,0,.---,0,0,.---,0,0
542960,Brad,Brach,New York Mets,0,.---,0,0,.---,0,0
611093,Silvino,Bracho,Arizona Diamondbacks,0,.---,0,0,.---,0,0
598265,Jackie,Bradley Jr.,Boston Red Sox,111,.234,13,474,.314,17,59
605151,Archie,Bradley,Cincinnati Reds,0,.---,0,0,.---,0,0
488726,Michael,Brantley,Houston Astros,176,.309,17,570,.364,12,76
518489,Ryan,Brasier,Boston Red Sox,0,.---,0,0,.---,0,0
643230,Steven,Brault,Pittsburgh Pirates,3,.150,0,20,.190,0,0
460075,Ryan,Braun,Milwaukee Brewers,103,.254,20,405,.313,11,64
605154,John,Brebbia,St. Louis Cardinals,0,.000,0,2,.000,0,0
608324,Alex,Bregman,Houston Astros,170,.286,31,594,.394,10,103
605155,Colten,Brewer,Boston Red Sox,0,.---,0,0,.---,0,0
592169,Austin,Brice,Boston Red Sox,0,.000,0,1,.000,0,0
593993,Jose,Briceno,Los Angeles Angels,28,.239,5,117,.299,0,10
656257,Jeff,Brigham,Miami Marlins,1,.333,0,3,.333,0,0
621446,Lewis,Brinson,Miami Marlins,76,.199,11,382,.240,2,42
593647,Socrates,Brito,Pittsburgh Pirates,7,.175,1,40,.227,0,3
502154,Zack,Britton,New York Yankees,0,.---,0,0,.---,0,0
571521,Rex,Brothers,Chicago Cubs,0,.---,0,0,.---,0,0
542979,Keon,Broxton,Milwaukee Brewers,14,.179,4,78,.281,5,11
457803,Jay,Bruce,Philadelphia Phillies,71,.223,9,319,.310,2,37
592178,Kris,Bryant,Chicago Cubs,106,.272,13,389,.374,2,52
453329,Clay,Buchholz,Toronto Blue Jays,2,.065,0,31,.094,0,1
488748,Ryan,Buchter,New York Yankees,0,.---,0,0,.---,0,0
621111,Walker,Buehler,Los Angeles Dodgers,7,.163,0,43,.200,0,1
518516,Madison,Bumgarner,Arizona Diamondbacks,7,.159,0,44,.174,0,4
607481,Aaron,Bummer,Chicago White Sox,0,.---,0,0,.---,0,0
605164,Dylan,Bundy,Los Angeles Angels,1,.200,0,5,.200,0,0
595897,Nick,Burdi,Pittsburgh Pirates,0,.---,0,0,.---,0,0
669203,Corbin,Burnes,Milwaukee Brewers,0,.---,0,0,.---,0,0
456713,Matt,Bush,Texas Rangers,0,.---,0,0,.---,0,0
460077,Drew,Butera,Colorado Rockies,31,.190,3,163,.264,0,21
576788,Dan,Butler,Boston Red Sox,1,.167,0,6,.143,0,1
572750,Eddie,Butler,Texas Rangers,0,.000,0,2,.333,0,0
621142,Ty,Buttrey,Los Angeles Angels,0,.---,0,0,.---,0,0
621439,Byron,Buxton,Minnesota Twins,14,.156,0,90,.183,5,4
452678,Asdrubal,Cabrera,Washington Nationals,143,.262,23,546,.316,0,75
408234,Miguel,Cabrera,Detroit Tigers,40,.299,3,134,.395,0,22
456715,Lorenzo,Cain,Milwaukee Brewers,166,.308,10,539,.395,30,38
594777,Kole,Calhoun,Arizona Diamondbacks,102,.208,19,491,.283,6,57
641432,Willie,Calhoun,Texas Rangers,22,.222,2,99,.269,0,11
622666,Johan,Camargo,Atlanta Braves,126,.272,19,464,.349,1,76
600869,Jeimer,Candelario,Detroit Tigers,121,.224,19,539,.317,3,54
592192,Mark,Canha,Oakland Athletics,91,.249,17,365,.328,1,52
429664,Robinson,Cano,New York Mets,94,.303,10,310,.374,0,50
605170,Victor,Caratini,Chicago Cubs,42,.232,2,181,.293,0,21
641438,Shane,Carle,Texas Rangers,0,.000,0,4,.000,0,0
572761,Matt,Carpenter,St. Louis Cardinals,145,.257,36,564,.374,4,81
471911,Carlos,Carrasco,Cleveland Indians,1,.250,0,4,.250,0,1
592200,Curt,Casali,Cincinnati Reds,41,.293,4,140,.355,0,16
488768,Andrew,Cashner,Boston Red Sox,0,.000,0,3,.000,0,0
592206,Nick,Castellanos,Cincinnati Reds,185,.298,23,620,.354,2,89
650895,Diego,Castillo,Tampa Bay Rays,0,.000,0,1,.000,0,0
620454,Jose,Castillo,San Diego Padres,0,.000,0,1,.000,0,1
622491,Luis,Castillo,Cincinnati Reds,6,.102,0,59,.131,0,2
456078,Welington,Castillo,Washington Nationals,44,.259,6,170,.304,1,15
605612,Harold,Castro,Detroit Tigers,3,.300,0,10,.300,1,0
488771,Jason,Castro,San Diego Padres,9,.143,1,63,.257,0,3
612434,Miguel,Castro,New York Mets,0,.---,0,0,.---,0,0
516770,Starlin,Castro,Washington Nationals,165,.278,12,593,.329,6,54
595909,Jake,Cave,Minnesota Twins,75,.265,13,283,.313,2,45
446399,Brett,Cecil,St. Louis Cardinals,0,.---,0,0,.---,0,0
458584,Xavier,Cedeno,Chicago Cubs,0,.---,0,0,.---,0,0
518542,Juan,Centeno,Boston Red Sox,6,.162,1,37,.184,0,3
465041,Francisco,Cervelli,Miami Marlins,86,.259,12,332,.378,2,57
493316,Yoenis,Cespedes,New York Mets,37,.262,9,141,.325,3,29
570666,Luis,Cessa,New York Yankees,0,.000,0,1,.000,0,0
468504,Jhoulys,Chacin,Atlanta Braves,9,.161,0,56,.203,0,1
605177,Andrew,Chafin,Chicago Cubs,0,.---,0,0,.---,0,0
547973,Aroldis,Chapman,New York Yankees,0,.---,0,0,.---,0,0
656305,Matt,Chapman,Oakland Athletics,152,.278,24,547,.356,1,68
608638,JT,Chargois,Los Angeles Dodgers,0,.000,0,1,.000,0,0
543022,Tyler,Chatwood,Chicago Cubs,4,.160,0,25,.192,0,2
445926,Jesse,Chavez,Texas Rangers,0,.000,0,1,.000,0,0
455139,Robinson,Chirinos,New York Mets,80,.222,18,360,.338,2,65
630023,Yonny,Chirinos,Tampa Bay Rays,0,.000,0,1,.000,0,0
502082,Lonnie,Chisenhall,Pittsburgh Pirates,27,.321,1,84,.394,1,9
596847,Ji-Man,Choi,Tampa Bay Rays,50,.263,10,190,.357,2,32
425783,Shin-Soo,Choo,Texas Rangers,148,.264,21,560,.377,6,62
643256,Adam,Cimber,Cleveland Indians,0,.000,0,4,.000,0,0
571561,Tony,Cingrani,St. Louis Cardinals,0,.---,0,0,.---,0,0
518553,Steve,Cishek,Chicago White Sox,1,.167,0,6,.167,0,0
624419,Nick,Ciuffo,Texas Rangers,7,.189,1,37,.262,0,5
592222,Alex,Claudio,Milwaukee Brewers,0,.---,0,0,.---,0,0
605182,Mike,Clevinger,San Diego Padres,0,.000,0,4,.000,0,0
461325,Tyler,Clippard,Minnesota Twins,0,.---,0,0,.---,0,0
502171,Alex,Cobb,Baltimore Orioles,1,.167,0,6,.167,0,0
595918,A.J.,Cole,Toronto Blue Jays,1,.333,1,3,.333,0,1
543037,Gerrit,Cole,New York Yankees,0,.000,0,9,.000,0,0
518566,Taylor,Cole,Los Angeles Angels,0,.---,0,0,.---,0,0
525768,Tim,Collins,Colorado Rockies,0,.---,0,0,.---,0,0
517008,Alex,Colome,Chicago White Sox,0,.---,0,0,.---,0,0
624424,Michael,Conforto,New York Mets,132,.243,28,543,.350,3,82
543045,Adam,Conley,Miami Marlins,0,.---,0,0,.---,0,0
664869,P.J.,Conlon,New York Mets,1,.333,0,3,.333,0,0
575929,Willson,Contreras,Chicago Cubs,118,.249,10,474,.339,4,54
643265,Garrett,Cooper,Miami Marlins,7,.212,0,33,.316,0,2
571578,Patrick,Corbin,Washington Nationals,12,.197,0,61,.222,0,5
542289,Daniel,Corcino,Los Angeles Dodgers,0,.000,0,1,.000,0,0
641477,Ryan,Cordell,New York Mets,4,.108,1,37,.125,0,4
614173,Franchy,Cordero,Kansas City Royals,33,.237,7,139,.307,5,19
622772,Jimmy,Cordero,Chicago White Sox,0,.---,0,0,.---,0,0
621043,Carlos,Correa,Houston Astros,96,.239,15,402,.323,3,65
543056,Danny,Coulombe,Minnesota Twins,0,.---,0,0,.---,0,0
592229,Dylan,Covey,Boston Red Sox,0,.000,0,1,.000,0,0
446359,Zack,Cozart,San Francisco Giants,49,.219,5,224,.296,0,18
622226,Dylan,Cozens,Tampa Bay Rays,6,.158,1,38,.273,1,2
543063,Brandon,Crawford,San Francisco Giants,135,.254,14,531,.325,4,54
641487,J.P.,Crawford,Seattle Mariners,25,.214,3,117,.319,2,12
605195,Kyle,Crick,Pittsburgh Pirates,0,.---,0,0,.---,0,0
543068,C.J.,Cron,Detroit Tigers,127,.253,30,501,.323,1,74
443558,Nelson,Cruz,Minnesota Twins,133,.256,37,519,.342,1,97
488810,Tony,Cruz,Cincinnati Reds,4,.154,1,26,.154,0,2
456501,Johnny,Cueto,San Francisco Giants,0,.000,0,12,.000,0,0
571035,William,Cuevas,Boston Red Sox,0,.---,0,0,.---,0,0
518586,Charlie,Culberson,Atlanta Braves,80,.270,12,296,.326,4,45
657205,Zac,Curtis,Texas Rangers,0,.---,0,0,.---,0,0
596144,Cheslor,Cuthbert,Chicago White Sox,20,.194,3,103,.282,0,7
518595,Travis,d'Arnaud,Atlanta Braves,3,.200,1,15,.250,0,3
621311,David,Dahl,Colorado Rockies,68,.273,16,249,.325,5,48
506433,Yu,Darvish,Chicago Cubs,1,.083,0,12,.083,0,0
571602,Matt,Davidson,Cincinnati Reds,99,.228,20,434,.319,0,62
605200,Zach,Davies,San Diego Padres,1,.067,0,15,.067,0,0
656354,Austin,Davis,Pittsburgh Pirates,0,.000,0,3,.000,0,0
448801,Chris,Davis,Baltimore Orioles,79,.168,16,470,.243,2,49
605204,J.D.,Davis,New York Mets,18,.175,1,103,.248,0,5
641505,Jonathan,Davis,Toronto Blue Jays,5,.200,0,25,.259,3,0
501981,Khris,Davis,Oakland Athletics,142,.247,48,576,.326,0,123
543089,Taylor,Davis,Baltimore Orioles,2,.400,0,5,.333,0,2
451584,Wade,Davis,Colorado Rockies,0,.---,0,0,.---,0,0
407822,Jorge,De La Rosa,Chicago Cubs,0,.000,0,1,.500,0,0
660853,Enyel,De Los Santos,Philadelphia Phillies,0,.000,0,3,.000,0,0
621573,Austin,Dean,St. Louis Cardinals,25,.221,4,113,.279,1,14
594798,Jacob,deGrom,New York Mets,11,.164,0,67,.211,0,5
657557,Paul,DeJong,St. Louis Cardinals,105,.241,19,436,.313,1,68
547170,Nicky,Delmonico,Chicago White Sox,61,.215,8,284,.296,1,25
544925,Matthew,den Dekker,New York Mets,0,.000,0,18,.095,0,1
518614,Daniel,Descalso,Chicago Cubs,83,.238,13,349,.353,0,57
543101,Anthony,DeSclafani,Cincinnati Reds,6,.143,1,42,.143,0,4
592261,Delino,DeShields,Cleveland Indians,72,.216,2,334,.310,20,22
435622,Ian,Desmond,Colorado Rockies,131,.236,22,555,.307,20,88
628333,Odrisamer,Despaigne,Chicago White Sox,1,.200,0,5,.200,0,0
606965,Chris,Devenski,Houston Astros,0,.---,0,0,.---,0,0
646240,Rafael,Devers,Boston Red Sox,108,.240,21,450,.298,5,66
649557,Aledmys,Diaz,Houston Astros,111,.263,18,422,.303,3,55
621242,Edwin,Diaz,New York Mets,0,.---,0,0,.---,0,0
553869,Elias,Diaz,Colorado Rockies,72,.286,10,252,.339,0,34
622766,Miguel,Diaz,San Diego Padres,0,.---,0,0,.---,0,0
650490,Yandy,Diaz,Tampa Bay Rays,34,.312,1,109,.375,0,15
572816,Corey,Dickerson,Miami Marlins,151,.300,13,504,.330,8,55
518617,Jake,Diekman,Oakland Athletics,0,.---,0,0,.---,0,0
518618,Derek,Dietrich,Texas Rangers,132,.265,16,499,.330,2,45
594694,Wilmer,Difo,Washington Nationals,94,.230,7,408,.298,10,42
641525,Brandon,Dixon,Detroit Tigers,21,.178,5,118,.218,0,10
622554,Seranthony,Dominguez,Philadelphia Phillies,0,.000,0,1,.500,0,0
518626,Josh,Donaldson,Minnesota Twins,46,.246,8,187,.352,2,23
448281,Sean,Doolittle,Washington Nationals,0,.---,0,0,.---,0,0
572821,Brian,Dozier,New York Mets,119,.215,21,553,.305,12,72
641531,Hunter,Dozier,Kansas City Royals,83,.229,11,362,.278,2,34
543118,Oliver,Drake,Tampa Bay Rays,0,.---,0,0,.---,0,0
592273,Brandon,Drury,Toronto Blue Jays,13,.169,1,77,.256,0,10
488846,Brian,Duensing,Chicago Cubs,0,.000,0,1,.500,0,0
518633,Danny,Duffy,Kansas City Royals,0,.000,0,2,.000,0,0
622110,Matt,Duffy,Texas Rangers,148,.294,4,503,.361,12,44
621453,Steven,Duggar,San Francisco Giants,36,.255,2,141,.303,5,17
435043,Zach,Duke,Cincinnati Reds,0,.000,0,1,.000,0,0
623430,Ryan,Dull,Toronto Blue Jays,0,.---,0,0,.---,0,0
445197,Mike,Dunn,Colorado Rockies,0,.---,0,0,.---,0,0
594807,Adam,Duvall,Atlanta Braves,75,.195,15,384,.274,2,61
502481,Jarrod,Dyson,Chicago White Sox,39,.189,2,206,.282,16,12
473879,Sam,Dyson,Minnesota Twins,0,.---,0,0,.---,0,0
594809,Adam,Eaton,Washington Nationals,96,.301,5,319,.394,9,33
605218,Carl,Edwards,Seattle Mariners,0,.---,0,0,.---,0,0
621107,Zach,Eflin,Philadelphia Phillies,4,.091,1,44,.091,0,1
595191,Jerad,Eickhoff,Texas Rangers,0,.000,0,1,.000,0,0
606273,Roenis,Elias,Washington Nationals,1,.500,0,2,.500,0,0
454560,A.J.,Ellis,San Diego Padres,41,.272,1,151,.378,0,15
429665,Edwin,Encarnacion,Chicago White Sox,123,.246,32,500,.336,3,107
641553,Adam,Engel,Chicago White Sox,101,.235,6,429,.279,16,29
543135,Nathan,Eovaldi,Boston Red Sox,1,.111,0,9,.200,0,1
572362,Robbie,Erlin,Atlanta Braves,5,.217,0,23,.250,0,0
640447,Phillip,Ervin,Seattle Mariners,55,.252,7,218,.324,6,31
500871,Eduardo,Escobar,Arizona Diamondbacks,154,.272,23,566,.334,2,84
462136,Marco,Estrada,Oakland Athletics,0,.000,0,1,.000,0,0
595943,Phillip,Evans,Pittsburgh Pirates,3,.143,0,21,.217,1,1
544727,Jeurys,Familia,New York Mets,0,.---,0,0,.---,0,0
571656,Buck,Farmer,Detroit Tigers,0,.---,0,0,.---,0,0
571657,Kyle,Farmer,Cincinnati Reds,16,.235,0,68,.312,0,9
608652,Luke,Farrell,Texas Rangers,0,.000,0,4,.000,0,0
607200,Erick,Fedde,Washington Nationals,1,.063,0,16,.118,0,0
543148,Tim,Federowicz,Texas Rangers,9,.225,1,40,.262,0,4
593140,Michael,Feliz,Pittsburgh Pirates,0,.000,0,2,.000,0,0
657571,Caleb,Ferguson,Los Angeles Dodgers,1,.200,0,5,.200,0,0
628336,Jose Miguel,Fernandez,Los Angeles Angels,31,.267,2,116,.309,1,11
670036,Matt,Festa,Seattle Mariners,0,.---,0,0,.---,0,0
608654,Johnny,Field,Chicago Cubs,49,.222,9,221,.254,4,21
641571,Heath,Fillmyer,Kansas City Royals,1,.250,0,4,.250,0,1
605232,Brandon,Finnegan,Cincinnati Reds,0,.000,0,7,.000,0,0
605233,Derek,Fisher,Toronto Blue Jays,13,.165,4,79,.209,2,11
656427,Jack,Flaherty,St. Louis Cardinals,7,.152,0,46,.188,0,0
475247,Ryan,Flaherty,Cleveland Indians,35,.217,2,161,.298,4,13
664058,David,Fletcher,Los Angeles Angels,78,.275,1,284,.316,3,25
623167,Chris,Flexen,New York Mets,0,.---,0,0,.---,0,0
527038,Wilmer,Flores,San Francisco Giants,103,.267,11,386,.319,0,51
571670,Dylan,Floro,Los Angeles Dodgers,0,.000,0,4,.000,0,0
452095,Tyler,Flowers,Atlanta Braves,57,.227,8,251,.341,0,30
592314,Mike,Foltynewicz,Atlanta Braves,3,.052,0,58,.052,0,4
521655,Wilmer,Font,Toronto Blue Jays,0,.---,0,0,.---,0,0
523253,Logan,Forsythe,Miami Marlins,86,.232,2,371,.313,3,27
451594,Dexter,Fowler,St. Louis Cardinals,52,.180,8,289,.278,5,31
641583,Dustin,Fowler,Oakland Athletics,43,.224,6,192,.256,6,23
596748,Maikel,Franco,Kansas City Royals,117,.270,22,433,.314,1,68
624428,Adam,Frazier,Pittsburgh Pirates,88,.277,10,318,.342,1,35
640449,Clint,Frazier,New York Yankees,9,.265,0,34,.390,0,1
453943,Todd,Frazier,New York Mets,87,.213,18,408,.303,9,59
607536,Kyle,Freeland,Colorado Rockies,6,.092,0,65,.119,0,2
518692,Freddie,Freeman,Atlanta Braves,191,.309,23,618,.388,10,98
502273,Mike,Freeman,Cleveland Indians,0,.---,0,0,.---,0,0
518693,Sam,Freeman,Washington Nationals,0,.000,0,1,.000,0,0
501896,David,Freese,Los Angeles Dodgers,83,.296,11,280,.359,0,51
571679,David,Freitas,Milwaukee Brewers,20,.215,1,93,.277,0,5
608331,Max,Fried,Atlanta Braves,1,.125,0,8,.125,0,0
605240,Jace,Fry,Chicago White Sox,0,.---,0,0,.---,0,0
643316,Paul,Fry,Baltimore Orioles,0,.---,0,0,.---,0,0
608334,Carson,Fulmer,Baltimore Orioles,0,.---,0,0,.---,0,0
605242,Michael,Fulmer,Detroit Tigers,0,.000,0,6,.000,0,0
543193,Drew,Gagnon,New York Mets,0,.000,0,1,.000,0,1
502570,Rocky,Gale,Los Angeles Dodgers,0,.000,0,2,.000,0,0
595956,Cam,Gallagher,Kansas City Royals,13,.206,1,63,.250,0,7
451596,Yovani,Gallardo,Texas Rangers,0,.000,0,1,.000,0,0
606149,Giovanny,Gallegos,St. Louis Cardinals,0,.000,0,1,.000,0,0
608336,Joey,Gallo,Texas Rangers,103,.206,40,500,.312,3,92
543194,Isaac,Galloway,Miami Marlins,13,.203,3,64,.301,1,7
520471,Freddy,Galvis,Cincinnati Reds,149,.248,13,602,.299,8,67
592325,Ben,Gamel,Milwaukee Brewers,70,.272,1,257,.358,7,19
607231,John,Gant,St. Louis Cardinals,2,.065,2,31,.065,0,3
666969,Adolis,Garcia,Texas Rangers,2,.118,0,17,.118,0,1
605244,Aramis,Garcia,San Francisco Giants,18,.286,4,63,.308,0,9
541645,Avisail,Garcia,Milwaukee Brewers,84,.236,19,356,.281,3,49
594824,Greg,Garcia,San Diego Padres,40,.221,3,181,.309,3,15
448802,Jaime,Garcia,Chicago Cubs,0,.000,0,4,.000,0,0
606424,Jarlin,Garcia,San Francisco Giants,0,.000,0,9,.100,0,0
544725,Leury,Garcia,Chicago White Sox,70,.271,4,258,.303,12,32
472610,Luis,Garcia,Texas Rangers,0,.---,0,0,.---,0,0
554340,Yimi,Garcia,Miami Marlins,0,.---,0,0,.---,0,0
458731,Brett,Gardner,New York Yankees,125,.236,12,530,.322,16,45
572863,Dustin,Garneau,Houston Astros,1,.500,0,2,.667,0,1
607237,Amir,Garrett,Cincinnati Reds,0,.000,0,2,.000,0,0
641598,Mitch,Garver,Minnesota Twins,81,.268,7,302,.335,0,45
594828,Evan,Gattis,Houston Astros,92,.226,25,407,.284,1,78
592332,Kevin,Gausman,San Francisco Giants,1,.048,0,21,.200,0,0
543208,Sam,Gaviglio,Toronto Blue Jays,1,.333,0,3,.333,0,0
518715,Cory,Gearrin,Minnesota Twins,0,.---,0,0,.---,0,0
571697,Scooter,Gennett,San Francisco Giants,181,.310,23,584,.357,4,92
593334,Domingo,German,New York Yankees,0,.000,0,1,.500,0,0
502043,Kyle,Gibson,Texas Rangers,2,1.000,0,2,1.000,0,0
571704,Ken,Giles,Toronto Blue Jays,0,.---,0,0,.---,0,0
460269,Chris,Gimenez,Minnesota Twins,12,.211,2,57,.288,1,7
608337,Lucas,Giolito,Chicago White Sox,0,.000,0,6,.000,0,0
571710,Mychal,Givens,Colorado Rockies,0,.---,0,0,.---,0,0
607192,Tyler,Glasnow,Tampa Bay Rays,0,.000,0,3,.000,0,0
606983,Koda,Glover,Washington Nationals,0,.---,0,0,.---,0,0
643327,Zack,Godley,Boston Red Sox,3,.057,0,53,.123,0,1
592340,Erik,Goeddel,Los Angeles Dodgers,0,.---,0,0,.---,0,0
572365,Ryan,Goins,Chicago White Sox,26,.226,0,115,.252,0,6
502671,Paul,Goldschmidt,St. Louis Cardinals,172,.290,33,593,.389,7,83
596295,Austin,Gomber,St. Louis Cardinals,4,.211,0,19,.211,0,4
543228,Yan,Gomes,Washington Nationals,107,.266,16,403,.313,0,48
460576,Carlos,Gomez,New York Mets,75,.208,9,360,.298,12,32
622497,Miguel,Gomez,San Francisco Giants,4,.267,0,15,.267,0,1
594835,Marco,Gonzales,Seattle Mariners,0,.000,0,2,.000,0,0
408236,Adrian,Gonzalez,New York Mets,40,.237,6,169,.299,0,26
554054,Alfredo,Gonzalez,Chicago White Sox,1,.111,0,9,.111,0,1
570481,Erik,Gonzalez,Pittsburgh Pirates,36,.265,1,136,.301,3,16
461829,Gio,Gonzalez,Chicago White Sox,4,.078,0,51,.096,0,1
503556,Marwin,Gonzalez,Minnesota Twins,121,.247,16,489,.324,2,68
592348,Niko,Goodrum,Detroit Tigers,109,.245,16,444,.315,12,53
571718,Brian,Goodwin,Cincinnati Reds,38,.239,6,159,.318,4,25
460086,Alex,Gordon,Kansas City Royals,124,.245,13,506,.324,12,54
605253,Terrance,Gore,Los Angeles Dodgers,1,.200,0,5,.200,6,0
594838,Phil,Gosselin,Philadelphia Phillies,3,.125,1,24,.250,0,2
641627,Trevor,Gott,San Francisco Giants,0,.---,0,0,.---,0,0
594840,Matt,Grace,Arizona Diamondbacks,1,.333,0,3,.333,0,0
518735,Yasmani,Grandal,Chicago White Sox,106,.241,24,440,.349,2,68
434158,Curtis,Granderson,Miami Marlins,83,.242,13,343,.351,2,38
492802,Juan,Graterol,Minnesota Twins,2,.250,0,8,.333,0,0
605255,Brett,Graves,Miami Marlins,0,.000,0,2,.000,0,0
592351,Jon,Gray,Colorado Rockies,4,.077,0,52,.127,0,2
543243,Sonny,Gray,Cincinnati Reds,0,.000,0,2,.000,0,0
643338,Chad,Green,New York Yankees,0,.---,0,0,.---,0,0
572888,Shane,Greene,Atlanta Braves,0,.---,0,0,.---,0,0
502381,Luke,Gregerson,St. Louis Cardinals,0,.---,0,0,.---,0,0
544369,Didi,Gregorius,Philadelphia Phillies,135,.268,27,504,.335,10,86
606988,Grayson,Greiner,Detroit Tigers,21,.219,0,96,.328,0,12
425844,Zack,Greinke,Houston Astros,15,.234,0,64,.269,3,5
545341,Randal,Grichuk,Toronto Blue Jays,104,.245,25,424,.301,3,61
543257,Robbie,Grossman,Oakland Athletics,108,.273,5,396,.367,0,48
607229,Robert,Gsellman,New York Mets,0,.000,0,3,.250,0,0
457915,Javy,Guerra,Washington Nationals,0,.---,0,0,.---,0,0
642770,Javy,Guerra,San Diego Padres,2,.125,0,16,.263,0,1
448855,Junior,Guerra,Arizona Diamondbacks,4,.114,0,35,.114,0,0
594027,Tayron,Guerrero,Chicago White Sox,0,.---,0,0,.---,0,0
605260,Taylor,Guerrieri,Texas Rangers,0,.---,0,0,.---,0,0
641645,Luis,Guillorme,New York Mets,14,.209,0,67,.284,1,5
666971,Lourdes,Gurriel Jr.,Toronto Blue Jays,70,.281,11,249,.309,1,35
493329,Yuli,Gurriel,Houston Astros,156,.291,13,537,.323,5,85
608597,Ronald,Guzman,Texas Rangers,91,.235,16,387,.306,1,58
576397,Jedd,Gyorko,Milwaukee Brewers,92,.262,11,351,.346,2,47
606992,Eric,Haase,Detroit Tigers,2,.125,0,16,.176,0,1
623352,Josh,Hader,Milwaukee Brewers,1,.500,0,2,.500,0,0
664180,Matt,Hall,Boston Red Sox,0,.---,0,0,.---,0,0
430935,Cole,Hamels,Atlanta Braves,3,.120,1,25,.154,0,1
571740,Billy,Hamilton,Chicago Cubs,119,.236,4,504,.299,34,29
434628,Jason,Hammel,Texas Rangers,0,.000,0,3,.000,0,0
641658,Garrett,Hampson,Colorado Rockies,11,.275,0,40,.396,2,4
606995,Justin,Hancock,Chicago Cubs,0,.000,0,2,.000,0,0
543272,Brad,Hand,Cleveland Indians,0,.000,0,1,.000,0,0
621098,Eric,Hanhold,Baltimore Orioles,0,.---,0,0,.---,0,0
571745,Mitch,Haniger,Seattle Mariners,170,.285,26,596,.366,8,93
664023,Ian,Happ,Chicago Cubs,90,.233,15,387,.353,8,44
457918,J.A.,Happ,New York Yankees,2,.333,0,6,.429,0,0
547180,Bryce,Harper,Philadelphia Phillies,137,.249,34,550,.393,13,100
501789,Will,Harris,Washington Nationals,0,.---,0,0,.---,0,0
543281,Josh,Harrison,Washington Nationals,86,.250,8,344,.293,3,37
518774,Matt,Harvey,Kansas City Royals,4,.075,0,53,.109,0,1
501822,Chris,Hatcher,Oakland Athletics,0,.---,0,0,.---,0,0
452104,Chase,Headley,San Diego Padres,6,.115,0,52,.233,0,4
592387,Ryon,Healy,Milwaukee Brewers,116,.235,24,493,.277,0,73
571760,Andrew,Heaney,Los Angeles Angels,1,.125,0,8,.125,0,0
588751,Adeiny,Hechavarria,Atlanta Braves,73,.247,6,296,.279,2,31
595978,Austin,Hedges,Cleveland Indians,70,.231,14,303,.282,3,37
476451,Jeremy,Hellickson,Washington Nationals,2,.063,0,32,.063,0,1
592390,Heath,Hembree,Philadelphia Phillies,0,.000,0,1,.000,0,0
543294,Kyle,Hendricks,Chicago Cubs,4,.067,0,60,.097,0,1
521230,Liam,Hendriks,Oakland Athletics,0,.---,0,0,.---,0,0
628338,Guillermo,Heredia,New York Mets,69,.236,5,292,.318,2,19
641684,Michael,Hermosillo,Los Angeles Angels,12,.211,1,57,.274,0,1
514917,Cesar,Hernandez,Cleveland Indians,153,.253,15,605,.356,19,60
456696,David,Hernandez,Cleveland Indians,0,.000,0,1,.000,0,0
622694,Elieser,Hernandez,Miami Marlins,0,.000,0,11,.000,0,0
571771,Enrique,Hernandez,Los Angeles Dodgers,103,.256,21,402,.336,3,52
433587,Felix,Hernandez,Atlanta Braves,0,.000,0,4,.000,0,0
606192,Teoscar,Hernandez,Toronto Blue Jays,114,.239,22,476,.302,5,57
599096,Dilson,Herrera,Baltimore Orioles,16,.184,5,87,.268,0,11
516969,Kelvin,Herrera,Chicago Cubs,0,.---,0,0,.---,0,0
546318,Odubel,Herrera,Philadelphia Phillies,140,.255,22,550,.310,5,71
594011,Rosell,Herrera,New York Yankees,65,.234,1,278,.286,3,20
543302,Chris,Herrmann,San Francisco Giants,18,.237,2,76,.322,0,7
605276,David,Hess,Baltimore Orioles,0,.000,0,2,.333,0,0
518792,Jason,Heyward,Chicago Cubs,119,.270,8,440,.335,1,57
543305,Aaron,Hicks,New York Yankees,119,.248,27,480,.366,11,79
543308,John,Hicks,Arizona Diamondbacks,75,.260,9,288,.312,0,32
663855,Jordan,Hicks,St. Louis Cardinals,0,.000,0,1,.000,0,0
543309,Kyle,Higashioka,New York Yankees,12,.167,3,72,.241,0,6
448179,Rich,Hill,Minnesota Twins,4,.093,0,43,.093,0,2
657612,Tim,Hill,San Diego Padres,0,.000,0,1,.000,0,0
673633,Yoshihisa,Hirano,Seattle Mariners,0,.000,0,1,.000,0,0
656546,Jeff,Hoffman,Colorado Rockies,0,.---,0,0,.---,0,0
592407,Bryan,Holaday,Baltimore Orioles,31,.205,1,151,.261,0,16
656547,Jonathan,Holder,New York Yankees,0,.---,0,0,.---,0,0
502706,Derek,Holland,Pittsburgh Pirates,3,.057,0,53,.074,0,0
518813,Greg,Holland,Kansas City Royals,0,.---,0,0,.---,0,0
407812,Matt,Holliday,Colorado Rockies,15,.283,2,53,.415,0,3
605280,Clay,Holmes,Pittsburgh Pirates,0,.000,0,6,.000,0,0
571788,Brock,Holt,Washington Nationals,89,.277,7,321,.362,7,46
656555,Rhys,Hoskins,Philadelphia Phillies,137,.246,34,558,.354,5,96
543333,Eric,Hosmer,San Diego Padres,155,.253,18,613,.322,7,69
605288,Adrian,Houser,Milwaukee Brewers,0,.---,0,0,.---,0,0
607572,Sam,Howard,Pittsburgh Pirates,0,.---,0,0,.---,0,0
641712,Dakota,Hudson,St. Louis Cardinals,0,.000,0,1,.000,0,0
543339,Daniel,Hudson,Washington Nationals,0,.000,0,2,.000,0,0
621529,Joe,Hudson,Seattle Mariners,2,.167,0,12,.167,0,1
453172,Jared,Hughes,New York Mets,0,.---,0,0,.---,0,0
461833,Phil,Hughes,San Diego Padres,0,.000,0,1,.000,0,0
488984,Tommy,Hunter,Philadelphia Phillies,0,.000,0,1,.000,0,0
455104,Chris,Iannetta,New York Yankees,67,.224,11,299,.345,0,36
578428,Jose,Iglesias,Baltimore Orioles,116,.269,5,432,.310,15,48
628452,Raisel,Iglesias,Cincinnati Reds,0,.000,0,3,.000,0,0
542255,Ender,Inciarte,Atlanta Braves,158,.265,10,597,.325,28,61
457706,Austin,Jackson,New York Mets,85,.245,3,347,.299,3,32
592426,Luke,Jackson,Atlanta Braves,0,.000,0,1,.500,0,0
608671,Travis,Jankowski,Cincinnati Reds,90,.259,4,347,.332,24,17
643376,Danny,Jansen,Toronto Blue Jays,20,.247,3,81,.347,0,8
445276,Kenley,Jansen,Los Angeles Dodgers,0,.---,0,0,.---,0,0
445055,Jon,Jay,Arizona Diamondbacks,141,.268,3,527,.330,4,40
502026,Jeremy,Jeffress,Chicago Cubs,0,.---,0,0,.---,0,0
605301,Williams,Jerez,Pittsburgh Pirates,0,.---,0,0,.---,0,0
641729,Joe,Jimenez,Detroit Tigers,0,.---,0,0,.---,0,0
598271,Brian,Johnson,Boston Red Sox,1,.250,0,4,.250,0,0
597113,DJ,Johnson,Colorado Rockies,0,.---,0,0,.---,0,0
462382,Jim,Johnson,Los Angeles Angels,0,.---,0,0,.---,0,0
572955,Pierce,Johnson,San Diego Padres,0,.000,0,1,.000,0,0
430945,Adam,Jones,Arizona Diamondbacks,163,.281,15,580,.313,7,63
592444,JaCoby,Jones,Detroit Tigers,89,.207,11,429,.266,13,34
518858,Nate,Jones,Cincinnati Reds,0,.---,0,0,.---,0,0
543376,Caleb,Joseph,Toronto Blue Jays,58,.219,3,265,.254,2,17
459964,Matt,Joyce,Miami Marlins,43,.208,7,207,.322,0,15
592450,Aaron,Judge,New York Yankees,115,.278,27,413,.392,6,67
596001,Jakob,Junis,Kansas City Royals,0,.000,0,2,.000,0,0
642558,Ariel,Jurado,New York Mets,0,.---,0,0,.---,0,0
664842,Kevin,Kaczmarski,New York Mets,0,.000,0,4,.200,0,0
592454,Tommy,Kahnle,New York Yankees,0,.---,0,0,.---,0,0
628356,Jung Ho,Kang,Pittsburgh Pirates,2,.333,0,6,.333,0,0
605309,Keone,Kela,Pittsburgh Pirates,0,.---,0,0,.---,0,0
641745,Brad,Keller,Kansas City Royals,1,.333,0,3,.333,0,0
518875,Shawn,Kelley,Texas Rangers,0,.000,0,1,.000,0,0
608348,Carson,Kelly,Arizona Diamondbacks,4,.114,0,35,.205,0,3
543391,Casey,Kelly,San Francisco Giants,0,.000,0,4,.000,0,0
523260,Joe,Kelly,Los Angeles Dodgers,0,.---,0,0,.---,0,0
461314,Matt,Kemp,Colorado Rockies,134,.290,21,462,.338,0,85
643393,Tony,Kemp,Oakland Athletics,67,.263,6,255,.351,9,30
435062,Howie,Kendrick,Washington Nationals,46,.303,4,152,.331,1,12
664028,Brett,Kennedy,San Diego Padres,0,.000,0,8,.000,0,0
453178,Ian,Kennedy,Kansas City Royals,1,.500,0,2,.500,0,0
596146,Max,Kepler,Minnesota Twins,119,.224,20,532,.319,4,58
477132,Clayton,Kershaw,Los Angeles Dodgers,11,.239,0,46,.340,0,7
572971,Dallas,Keuchel,Chicago White Sox,0,.000,0,2,.000,0,0
571851,Spencer,Kieboom,Washington Nationals,29,.232,2,125,.322,0,13
595281,Kevin,Kiermaier,Tampa Bay Rays,72,.217,7,332,.282,10,29
518886,Craig,Kimbrel,Chicago Cubs,0,.---,0,0,.---,0,0
643396,Isiah,Kiner-Falefa,Texas Rangers,93,.261,4,356,.325,7,34
664068,Scott,Kingery,Philadelphia Phillies,102,.226,8,452,.267,10,35
592468,Nick,Kingham,Toronto Blue Jays,2,.087,0,23,.160,0,4
641755,Tyler,Kinley,Colorado Rockies,0,.---,0,0,.---,0,0
435079,Ian,Kinsler,San Diego Padres,117,.240,14,487,.301,16,48
445213,Brandon,Kintzler,Miami Marlins,0,.000,0,1,.000,0,0
543401,Jason,Kipnis,Chicago Cubs,122,.230,18,530,.315,7,75
552640,Andrew,Kittredge,Tampa Bay Rays,0,.000,0,1,.000,0,0
446372,Corey,Kluber,Texas Rangers,0,.000,0,6,.000,0,0
595284,Andrew,Knapp,Philadelphia Phillies,37,.198,4,187,.294,1,15
608349,Corey,Knebel,Milwaukee Brewers,0,.---,0,0,.---,0,0
571863,Matt,Koch,Arizona Diamondbacks,1,.059,0,17,.200,0,0
592473,Adam,Kolarek,Los Angeles Dodgers,0,.---,0,0,.---,0,0
518902,Pete,Kozma,Atlanta Braves,15,.217,1,69,.236,0,8
596012,Kevin,Kramer,Pittsburgh Pirates,5,.135,0,37,.175,0,4
456124,Erik,Kratz,New York Yankees,48,.236,6,203,.280,1,23
641771,Chad,Kuhl,Pittsburgh Pirates,3,.143,0,21,.143,0,1
600303,Tommy,La Stella,Oakland Athletics,45,.266,1,169,.340,0,19
501571,Juan,Lagares,New York Mets,20,.339,0,59,.375,3,6
534606,Ryan,LaMarre,Chicago Cubs,46,.279,2,165,.322,2,18
571875,Jake,Lamb,Arizona Diamondbacks,46,.222,6,207,.307,1,31
641778,Eric,Lauer,Milwaukee Brewers,2,.067,0,30,.094,0,1
657656,Ramon,Laureano,Oakland Athletics,45,.288,5,156,.358,7,19
543432,Ryan,Lavarnway,Miami Marlins,4,.667,0,6,.667,0,1
571882,Derek,Law,Texas Rangers,1,1.000,0,1,1.000,0,0
596271,Casey,Lawrence,Minnesota Twins,0,.---,0,0,.---,0,0
502190,Mike,Leake,Arizona Diamondbacks,0,.000,0,4,.000,0,0
453281,Wade,LeBlanc,Baltimore Orioles,1,.333,0,3,.333,0,0
600917,Jose,Leclerc,Texas Rangers,0,.---,0,0,.---,0,0
518934,DJ,LeMahieu,New York Yankees,147,.276,15,533,.321,6,62
506702,Sandy,Leon,Cleveland Indians,47,.177,5,265,.232,1,22
608678,Dominic,Leone,Cleveland Indians,0,.---,0,0,.---,0,0
452657,Jon,Lester,Chicago Cubs,7,.119,1,59,.119,0,9
592499,Artie,Lewicki,Arizona Diamondbacks,0,.---,0,0,.---,0,0
571893,Adam,Liberatore,Los Angeles Dodgers,0,.000,0,1,.000,0,0
624407,Tzu-Wei,Lin,Boston Red Sox,16,.246,1,65,.329,0,6
596019,Francisco,Lindor,Cleveland Indians,183,.277,38,661,.352,25,92
434538,Francisco,Liriano,Philadelphia Phillies,0,.000,0,1,.000,0,0
641793,Zack,Littell,Minnesota Twins,0,.---,0,0,.---,0,0
594902,Ben,Lively,Arizona Diamondbacks,0,.000,0,7,.000,0,0
642528,Jonathan,Loaisiga,New York Yankees,0,.000,0,2,.000,0,0
446653,Jose,Lobaton,Chicago Cubs,7,.143,0,49,.246,0,4
641796,Tim,Locastro,Arizona Diamondbacks,2,.182,0,11,.357,4,0
621141,Walker,Lockett,Seattle Mariners,0,.000,0,4,.200,0,0
457429,Boone,Logan,Milwaukee Brewers,0,.---,0,0,.---,0,0
446334,Evan,Longoria,San Francisco Giants,117,.244,16,480,.281,3,54
605347,Jorge,Lopez,Baltimore Orioles,1,.500,0,2,.500,0,2
641154,Pablo,Lopez,Miami Marlins,3,.188,0,16,.235,0,0
607257,Raffy,Lopez,Atlanta Braves,18,.176,3,102,.265,1,13
625643,Reynaldo,Lopez,Chicago White Sox,0,.000,0,1,.000,0,0
661255,Yoan,Lopez,Arizona Diamondbacks,0,.---,0,0,.---,0,0
547179,Michael,Lorenzen,Cincinnati Reds,9,.290,4,31,.333,0,10
571901,Aaron,Loup,Tampa Bay Rays,0,.---,0,0,.---,0,0
664040,Brandon,Lowe,Tampa Bay Rays,30,.233,6,129,.324,2,25
476704,Jed,Lowrie,New York Mets,159,.267,23,596,.353,0,99
664192,Joey,Lucchesi,San Diego Padres,2,.059,0,34,.154,0,1
518960,Jonathan,Lucroy,Boston Red Sox,100,.241,4,415,.291,0,51
608475,Dawel,Lugo,Detroit Tigers,20,.213,1,94,.267,0,8
607625,Seth,Lugo,New York Mets,1,.091,0,11,.167,0,0
656669,Jordan,Luplow,Cleveland Indians,17,.185,3,92,.272,2,7
543475,Jordan,Lyles,Texas Rangers,0,.000,0,15,.167,0,1
458681,Lance,Lynn,Texas Rangers,0,.000,0,4,.000,0,0
544928,Tyler,Lyons,New York Yankees,0,.---,0,0,.---,0,0
592518,Manny,Machado,San Diego Padres,188,.297,37,632,.367,14,107
425492,Ryan,Madson,Los Angeles Dodgers,0,.---,0,0,.---,0,0
628317,Kenta,Maeda,Minnesota Twins,3,.094,0,32,.094,0,0
543483,Matt,Magill,Seattle Mariners,0,.000,0,1,.000,0,0
641816,Tyler,Mahle,Cincinnati Reds,3,.103,0,29,.161,0,0
543484,Mikie,Mahtook,Philadelphia Phillies,45,.202,9,223,.276,4,29
571912,Luke,Maile,Pittsburgh Pirates,50,.248,3,202,.333,2,27
628318,Kazuhisa,Makita,San Diego Padres,0,.000,0,3,.000,0,0
455117,Martin,Maldonado,Houston Astros,84,.225,9,373,.276,0,44
640455,Sean,Manaea,Oakland Athletics,1,.200,0,5,.200,0,0
641820,Trey,Mancini,Baltimore Orioles,141,.242,24,582,.299,0,58
596027,Dillon,Maples,Chicago Cubs,0,.---,0,0,.---,0,0
622534,Manuel,Margot,Tampa Bay Rays,117,.245,8,477,.292,11,51
545350,Jake,Marisnick,New York Mets,45,.211,10,213,.275,6,28
605357,Mike,Marjama,Seattle Mariners,3,.111,0,27,.172,0,0
455976,Nick,Markakis,Atlanta Braves,185,.297,14,623,.366,1,93
608566,German,Marquez,Colorado Rockies,18,.300,1,60,.300,0,5
571918,Deven,Marrero,Miami Marlins,13,.167,0,78,.224,3,7
605359,Evan,Marshall,Chicago White Sox,0,.---,0,0,.---,0,0
527043,Jefry,Marte,Los Angeles Angels,42,.216,7,194,.273,1,22
606466,Ketel,Marte,Arizona Diamondbacks,135,.260,14,520,.332,6,59
516782,Starling,Marte,Miami Marlins,155,.277,20,559,.327,33,72
455119,Chris,Martin,Atlanta Braves,0,.---,0,0,.---,0,0
547982,Leonys,Martin,Cleveland Indians,81,.255,11,318,.323,7,33
431145,Russell,Martin,Los Angeles Dodgers,56,.194,10,289,.338,0,25
593372,Carlos,Martinez,St. Louis Cardinals,8,.242,1,33,.235,0,4
502110,J.D.,Martinez,Boston Red Sox,188,.330,43,569,.402,6,130
500874,Jose,Martinez,Chicago Cubs,163,.305,17,534,.364,0,83
400121,Victor,Martinez,Detroit Tigers,117,.251,9,467,.297,0,54
605361,Nick,Martini,Philadelphia Phillies,45,.296,1,152,.397,0,19
425772,Jeff,Mathis,Texas Rangers,39,.200,1,195,.272,0,20
664208,Phil,Maton,Cleveland Indians,0,.---,0,0,.---,0,0
571927,Steven,Matz,New York Mets,5,.109,2,46,.163,0,4
408045,Joe,Mauer,Minnesota Twins,137,.282,6,486,.351,0,48
622194,Bruce,Maxwell,New York Mets,10,.182,1,55,.207,0,6
457727,Cameron,Maybin,Chicago Cubs,85,.249,4,342,.326,10,28
594577,Mike,Mayers,Los Angeles Angels,0,.000,0,1,.500,0,0
641835,Tim,Mayza,Toronto Blue Jays,0,.---,0,0,.---,0,0
608577,Nomar,Mazara,Chicago White Sox,126,.258,20,489,.317,1,77
543508,Cory,Mazzoni,Chicago Cubs,0,.---,0,0,.---,0,0
435263,Brian,McCann,Atlanta Braves,40,.212,7,189,.301,0,23
543510,James,McCann,Chicago White Sox,94,.220,8,427,.267,0,39
435221,Brandon,McCarthy,Atlanta Braves,3,.103,0,29,.103,0,2
641838,Kevin,McCarthy,Kansas City Royals,0,.---,0,0,.---,0,0
607030,Adam,McCreery,Los Angeles Angels,0,.---,0,0,.---,0,0
621121,Lance,McCullers,Houston Astros,0,.000,0,2,.000,0,0
457705,Andrew,McCutchen,Philadelphia Phillies,145,.255,20,569,.368,14,65
519008,T.J.,McFarland,Oakland Athletics,0,.000,0,7,.000,0,0
459429,Jake,McGee,Los Angeles Dodgers,0,.---,0,0,.---,0,0
641851,Kyle,McGowin,Washington Nationals,0,.000,0,2,.000,0,0
657681,Kyle,McGrath,San Diego Padres,0,.000,0,1,.000,0,0
624512,Reese,McGuire,Toronto Blue Jays,9,.290,2,31,.333,1,4
543521,Collin,McHugh,Boston Red Sox,0,.---,0,0,.---,0,0
641856,Billy,McKinney,Toronto Blue Jays,30,.252,6,119,.318,1,13
641857,Ryan,McMahon,Colorado Rockies,42,.232,5,181,.307,1,19
643446,Jeff,McNeil,New York Mets,74,.329,3,225,.381,7,19
656725,Alex,McRae,Chicago White Sox,0,.000,0,2,.000,0,0
640457,Austin,Meadows,Tampa Bay Rays,51,.287,6,178,.325,5,17
450665,Kris,Medlen,Arizona Diamondbacks,0,.000,0,1,.000,0,0
664682,Ryan,Meisinger,St. Louis Cardinals,0,.---,0,0,.---,0,0
606167,Adalberto,Mejia,Chicago White Sox,0,.000,0,1,.000,0,0
642336,Francisco,Mejia,San Diego Padres,10,.179,3,56,.258,0,8
453343,Mark,Melancon,Atlanta Braves,0,.---,0,0,.---,0,0
622492,Keury,Mella,Arizona Diamondbacks,0,.000,0,2,.000,0,0
622795,Yohander,Mendez,Texas Rangers,0,.000,0,2,.000,0,0
596043,Daniel,Mengden,Oakland Athletics,1,.333,0,3,.333,0,1
474568,Jordy,Mercer,New York Yankees,99,.251,6,394,.315,2,39
593160,Whit,Merrifield,Kansas City Royals,192,.304,12,632,.367,45,60
519023,Devin,Mesoraco,New York Mets,54,.221,11,244,.303,0,33
571945,Miles,Mikolas,St. Louis Cardinals,9,.143,2,63,.167,0,6
489119,Wade,Miley,Cincinnati Reds,5,.185,0,27,.214,0,0
453192,Andrew,Miller,St. Louis Cardinals,0,.000,0,1,.000,0,0
543543,Brad,Miller,St. Louis Cardinals,57,.248,7,230,.311,0,29
502522,Justin,Miller,Toronto Blue Jays,0,.000,0,1,.000,0,0
571946,Shelby,Miller,Milwaukee Brewers,0,.000,0,3,.200,0,1
621219,Alec,Mills,Chicago Cubs,1,.200,0,5,.200,0,0
571948,Hoby,Milner,Los Angeles Angels,0,.---,0,0,.---,0,0
543548,Tommy,Milone,Atlanta Braves,0,.000,0,7,.125,0,0
573668,Juan,Minaya,Minnesota Twins,0,.---,0,0,.---,0,0
501985,Mike,Minor,Oakland Athletics,1,.333,0,3,.333,0,0
621345,A.J.,Minter,Atlanta Braves,0,.---,0,0,.---,0,0
571951,Bryan,Mitchell,Chicago White Sox,2,.111,0,18,.111,0,0
425877,Yadier,Molina,St. Louis Cardinals,120,.261,20,459,.314,4,74
660162,Yoan,Moncada,Chicago White Sox,136,.235,17,578,.315,12,61
609275,Adalberto,Mondesi,Kansas City Royals,76,.276,14,275,.306,32,37
593423,Frankie,Montas,Oakland Athletics,0,.000,0,5,.000,0,0
471083,Miguel,Montero,Washington Nationals,0,.000,0,11,.154,0,0
543557,Mike,Montgomery,Kansas City Royals,3,.091,0,33,.118,0,1
519043,Matt,Moore,Detroit Tigers,0,.---,0,0,.---,0,0
434778,Kendrys,Morales,New York Yankees,103,.249,21,413,.331,2,57
592567,Colin,Moran,Pittsburgh Pirates,115,.277,11,415,.340,0,58
519048,Mitch,Moreland,San Diego Padres,99,.245,15,404,.325,2,68
605388,Adam,Morgan,Philadelphia Phillies,0,.---,0,0,.---,0,0
573046,Mike,Morin,Miami Marlins,0,.---,0,0,.---,0,0
621559,Max,Moroff,New York Mets,11,.186,3,59,.284,0,9
606625,Reyes,Moronta,San Francisco Giants,0,.000,0,1,.000,0,0
592570,Akeel,Morris,Los Angeles Angels,0,.---,0,0,.---,0,0
489149,Logan,Morrison,Milwaukee Brewers,59,.186,15,318,.276,1,39
453344,Brandon,Morrow,Chicago Cubs,0,.000,0,1,.000,0,0
450203,Charlie,Morton,Tampa Bay Rays,1,.167,0,6,.167,0,0
519058,Mike,Moustakas,Cincinnati Reds,144,.251,28,573,.315,4,95
622382,Gabriel,Moya,Minnesota Twins,0,.---,0,0,.---,0,0
493247,Peter,Moylan,Atlanta Braves,0,.---,0,0,.---,0,0
656775,Cedric,Mullins,Baltimore Orioles,40,.235,4,170,.312,2,11
571970,Max,Muncy,Los Angeles Dodgers,104,.263,35,395,.391,3,79
622168,Yairo,Munoz,Boston Red Sox,81,.276,8,293,.350,5,42
502517,Daniel,Murphy,Colorado Rockies,98,.299,12,328,.336,3,42
571974,John Ryan,Murphy,Pittsburgh Pirates,42,.202,9,208,.244,0,24
608596,Tom,Murphy,Seattle Mariners,21,.226,2,93,.250,0,11
643466,Harrison,Musgrave,Colorado Rockies,0,.000,0,3,.000,0,0
605397,Joe,Musgrove,Pittsburgh Pirates,5,.161,0,31,.161,0,0
571976,Wil,Myers,San Diego Padres,79,.253,11,312,.318,13,39
571980,Tyler,Naquin,Cleveland Indians,46,.264,3,174,.295,1,23
553882,Omar,Narvaez,Milwaukee Brewers,77,.275,9,280,.366,0,30
502117,Kristopher,Negron,Los Angeles Dodgers,7,.219,1,32,.242,2,4
593576,Hector,Neris,Philadelphia Phillies,0,.000,0,1,.000,0,0
450212,Pat,Neshek,Philadelphia Phillies,0,.---,0,0,.---,0,0
596720,Dovydas,Neverauskas,Pittsburgh Pirates,0,.---,0,0,.---,0,0
623470,Jake,Newberry,Kansas City Royals,0,.---,0,0,.---,0,0
656794,Sean,Newcomb,Atlanta Braves,2,.044,0,45,.065,0,1
621028,Kevin,Newman,Pittsburgh Pirates,19,.209,0,91,.247,0,6
504379,Juan,Nicasio,Texas Rangers,0,.---,0,0,.---,0,0
621512,Tomas,Nido,New York Mets,14,.167,1,84,.200,0,9
607043,Brandon,Nimmo,New York Mets,114,.263,17,433,.404,9,47
656798,Jacob,Nix,San Diego Padres,0,.000,0,15,.000,0,0
605400,Aaron,Nola,Philadelphia Phillies,3,.048,0,62,.063,0,4
502032,Bud,Norris,Philadelphia Phillies,0,.---,0,0,.---,0,0
596057,Daniel,Norris,Detroit Tigers,0,.000,0,2,.000,0,0
656803,James,Norwood,Chicago Cubs,0,.000,0,3,.000,0,0
641924,Jacob,Nottingham,Milwaukee Brewers,4,.200,0,20,.333,0,0
467100,Ivan,Nova,Detroit Tigers,1,.019,0,53,.019,0,0
456488,Eduardo,Nunez,New York Mets,127,.265,10,480,.289,7,44
600524,Renato,Nunez,Baltimore Orioles,61,.258,8,236,.322,0,22
598284,Peter,O'Brien,Atlanta Braves,18,.273,4,66,.338,0,10
503285,Darren,O'Day,Atlanta Braves,0,.---,0,0,.---,0,0
622217,Chris,O'Grady,Miami Marlins,0,.---,0,0,.---,0,0
656811,Ryan,O'Hearn,Kansas City Royals,39,.262,12,149,.353,0,30
641933,Tyler,O'Neill,St. Louis Cardinals,33,.254,9,130,.303,2,23
623184,Scott,Oberg,Colorado Rockies,0,.---,0,0,.---,0,0
596059,Rougned,Odor,Texas Rangers,120,.253,18,474,.326,12,63
543606,Jake,Odorizzi,Minnesota Twins,0,.000,0,6,.000,0,0
493200,Seunghwan,Oh,Colorado Rockies,0,.---,0,0,.---,0,0
660271,Shohei,Ohtani,Los Angeles Angels,93,.285,22,326,.361,10,61
595345,Steven,Okert,San Francisco Giants,0,.---,0,0,.---,0,0
621566,Matt,Olson,Oakland Athletics,143,.247,29,580,.335,2,84
644337,Nate,Orf,Oakland Athletics,2,.095,1,21,.240,1,1
542364,Rafael,Ortega,Atlanta Braves,31,.233,0,133,.287,5,7
592612,Josh,Osich,Chicago Cubs,0,.---,0,0,.---,0,0
591741,Jose,Osuna,Pittsburgh Pirates,24,.226,3,106,.252,0,11
532077,Roberto,Osuna,Houston Astros,0,.---,0,0,.---,0,0
621261,Corey,Oswalt,New York Mets,0,.000,0,18,.000,0,0
519096,Dan,Otero,New York Yankees,0,.---,0,0,.---,0,0
493603,Adam,Ottavino,New York Yankees,0,.---,0,0,.---,0,0
572008,Chris,Owings,Colorado Rockies,58,.206,4,281,.272,11,22
542303,Marcell,Ozuna,Atlanta Braves,163,.280,23,582,.325,3,88
641941,Emilio,Pagan,San Diego Padres,0,.---,0,0,.---,0,0
594953,Daniel,Palka,Chicago White Sox,100,.240,27,417,.294,2,67
605412,Joe,Panik,Toronto Blue Jays,91,.254,4,358,.307,4,24
623381,Thomas,Pannone,Toronto Blue Jays,0,.---,0,0,.---,0,0
453284,Blake,Parker,Philadelphia Phillies,0,.---,0,0,.---,0,0
467827,Gerardo,Parra,Washington Nationals,114,.284,6,401,.342,11,53
641149,Wes,Parsons,Colorado Rockies,0,.000,0,1,.000,0,0
572021,James,Pazos,Colorado Rockies,0,.---,0,0,.---,0,0
502748,Brad,Peacock,Houston Astros,0,.000,0,1,.000,0,0
456665,Steve,Pearce,Boston Red Sox,61,.284,11,215,.378,0,42
592626,Joc,Pederson,Los Angeles Dodgers,98,.248,25,395,.321,1,56
456030,Dustin,Pedroia,Boston Red Sox,1,.091,0,11,.231,0,0
641962,CD,Pelham,Chicago Cubs,0,.---,0,0,.---,0,0
570240,Felix,Pena,Los Angeles Angels,0,.000,0,6,.000,0,0
506747,Francisco,Pena,Cincinnati Reds,27,.203,2,133,.239,1,8
452254,Hunter,Pence,San Francisco Giants,53,.226,4,235,.258,5,24
444482,David,Peralta,Arizona Diamondbacks,164,.293,30,560,.352,4,87
642547,Freddy,Peralta,Milwaukee Brewers,1,.038,0,26,.038,0,1
593974,Wandy,Peralta,San Francisco Giants,0,.000,0,1,.000,0,0
503449,Wily,Peralta,Kansas City Royals,0,.---,0,0,.---,0,0
606299,Jose,Peraza,Boston Red Sox,182,.288,14,632,.326,23,58
606131,Luis,Perdomo,San Diego Padres,2,.250,0,8,.222,0,1
542208,Carlos,Perez,Oakland Athletics,10,.143,1,70,.178,1,3
672335,Cionel,Perez,Houston Astros,0,.---,0,0,.---,0,0
541650,Hernan,Perez,Chicago Cubs,80,.253,9,316,.290,11,29
527048,Martin,Perez,Boston Red Sox,0,.000,0,3,.000,0,0
605421,Michael,Perez,Tampa Bay Rays,21,.284,1,74,.304,0,11
424144,Oliver,Perez,Cleveland Indians,0,.---,0,0,.---,0,0
547379,Roberto,Perez,Cleveland Indians,30,.168,2,179,.256,1,19
521692,Salvador,Perez,Kansas City Royals,120,.235,27,510,.274,1,80
596071,Dillon,Peters,Los Angeles Angels,1,.143,0,7,.250,0,0
607054,Jace,Peterson,Milwaukee Brewers,42,.200,3,210,.310,13,28
623402,Tim,Peterson,New York Mets,0,.000,0,2,.000,0,0
463610,Gregorio,Petit,Philadelphia Phillies,15,.246,0,61,.313,3,3
433589,Yusmeiro,Petit,Oakland Athletics,0,.---,0,0,.---,0,0
502593,Jake,Petricka,Toronto Blue Jays,0,.000,0,1,.000,0,0
502054,Tommy,Pham,San Diego Padres,136,.275,21,494,.367,15,63
572033,Josh,Phegley,Chicago Cubs,19,.204,2,93,.255,0,15
621433,Brett,Phillips,Tampa Bay Rays,25,.187,2,134,.252,1,11
623465,Evan,Phillips,Baltimore Orioles,0,.---,0,0,.---,0,0
607680,Kevin,Pillar,Colorado Rockies,129,.252,15,512,.282,14,59
444489,Manny,Pina,Milwaukee Brewers,77,.252,9,306,.307,2,28
640461,Chad,Pinder,Oakland Athletics,77,.258,13,298,.332,0,27
517369,Jose,Pirela,Philadelphia Phillies,109,.249,5,438,.300,6,32
572039,Stephen,Piscotty,Oakland Athletics,146,.267,27,546,.331,2,88
601713,Nick,Pivetta,Boston Red Sox,4,.100,0,40,.143,0,1
608700,Kevin,Plawecki,Boston Red Sox,50,.210,7,238,.315,0,30
461858,Trevor,Plouffe,Philadelphia Phillies,3,.250,1,12,.250,0,3
592644,Adam,Plutko,Cleveland Indians,0,.---,0,0,.---,0,0
570256,Gregory,Polanco,Pittsburgh Pirates,117,.254,23,461,.340,12,81
593871,Jorge,Polanco,Minnesota Twins,87,.288,6,302,.345,7,42
572041,AJ,Pollock,Los Angeles Dodgers,106,.257,21,413,.316,13,65
519141,Drew,Pomeranz,San Diego Padres,0,.---,0,0,.---,0,0
594965,Daniel,Ponce de Leon,St. Louis Cardinals,1,.111,0,9,.111,0,1
519144,Rick,Porcello,New York Mets,3,.429,0,7,.429,0,3
457763,Buster,Posey,San Francisco Giants,113,.284,5,398,.359,3,41
621471,Boog,Powell,Cincinnati Reds,4,.167,0,24,.200,1,0
596074,Bobby,Poyner,Boston Red Sox,0,.---,0,0,.---,0,0
445988,Martin,Prado,Miami Marlins,48,.244,1,197,.287,1,18
519151,Ryan,Pressly,Houston Astros,0,.---,0,0,.---,0,0
595777,Jurickson,Profar,San Diego Padres,133,.254,20,524,.335,10,77
643493,Austin,Pruitt,Houston Astros,0,.---,0,0,.---,0,0
624577,Yasiel,Puig,Cleveland Indians,108,.267,23,405,.327,15,63
405395,Albert,Pujols,Los Angeles Angels,114,.245,19,465,.289,1,64
534812,Kevin,Quackenbush,Washington Nationals,0,.---,0,0,.---,0,0
596451,Roman,Quinn,Philadelphia Phillies,34,.260,2,131,.317,10,12
500779,Jose,Quintana,Chicago Cubs,4,.077,0,52,.077,0,0
663432,Tanner,Rainey,Washington Nationals,0,.---,0,0,.---,0,0
541640,Erasmo,Ramirez,New York Mets,0,.000,0,3,.000,0,0
434670,Hanley,Ramirez,Cleveland Indians,45,.254,6,177,.313,4,29
608070,Jose,Ramirez,Cleveland Indians,156,.270,39,578,.387,34,105
542432,Jose,Ramirez,Atlanta Braves,0,.---,0,0,.---,0,0
519166,Neil,Ramirez,Los Angeles Angels,0,.000,0,1,.000,0,0
598287,Noe,Ramirez,Los Angeles Angels,0,.---,0,0,.---,0,0
606162,Yefry,Ramirez,New York Mets,0,.000,0,2,.000,0,0
573109,AJ,Ramos,Colorado Rockies,0,.---,0,0,.---,0,0
591693,Edubray,Ramos,Los Angeles Dodgers,0,.---,0,0,.---,0,0
467092,Wilson,Ramos,New York Mets,117,.306,15,382,.358,0,70
458675,Colby,Rasmus,Baltimore Orioles,6,.133,1,45,.204,0,1
502051,Josh,Ravin,Atlanta Braves,0,.---,0,0,.---,0,0
592662,Robbie,Ray,Toronto Blue Jays,3,.077,0,39,.075,0,2
592663,J.T.,Realmuto,Philadelphia Phillies,132,.277,21,477,.340,3,74
502210,Josh,Reddick,Houston Astros,105,.242,17,433,.318,7,47
592665,Addison,Reed,Minnesota Twins,0,.---,0,0,.---,0,0
607223,AJ,Reed,Chicago White Sox,0,.000,0,3,.000,0,0
642003,Cody,Reed,Tampa Bay Rays,0,.000,0,11,.083,0,0
605439,Michael,Reed,San Francisco Giants,2,.286,0,7,.286,0,0
608701,Rob,Refsnyder,Texas Rangers,14,.167,2,84,.314,0,5
656887,Sean,Reid-Foley,Toronto Blue Jays,0,.000,0,3,.000,0,0
595373,Jack,Reinheimer,Minnesota Twins,5,.167,0,30,.286,1,0
573113,Tony,Renda,Boston Red Sox,0,.---,0,0,.---,0,0
543685,Anthony,Rendon,Los Angeles Angels,163,.308,24,529,.374,2,92
592669,Hunter,Renfroe,Tampa Bay Rays,100,.248,26,403,.302,2,68
621052,Alex,Reyes,St. Louis Cardinals,0,.000,0,1,.000,0,0
614177,Franmil,Reyes,Cleveland Indians,73,.280,16,261,.340,0,31
660875,Jesus,Reyes,Cincinnati Reds,0,.---,0,0,.---,0,0
408314,Jose,Reyes,New York Mets,43,.189,4,228,.260,5,16
622569,Pablo,Reyes,Pittsburgh Pirates,17,.293,3,58,.349,0,7
622682,Victor,Reyes,Detroit Tigers,47,.222,1,212,.239,9,12
448602,Mark,Reynolds,Colorado Rockies,51,.248,13,206,.328,0,40
608703,Matt,Reynolds,Kansas City Royals,2,.154,0,13,.214,0,1
642008,Jacob,Rhame,Los Angeles Angels,0,.000,0,1,.000,0,0
453385,Clayton,Richard,Chicago White Sox,4,.095,1,42,.156,0,3
670950,Trevor,Richards,Tampa Bay Rays,2,.065,0,31,.094,0,2
572073,Joey,Rickard,San Francisco Giants,52,.244,8,213,.300,4,23
595375,JT,Riddle,Pittsburgh Pirates,71,.231,9,308,.277,0,36
605441,Yacksel,Rios,Pittsburgh Pirates,0,.000,0,1,.000,0,0
425784,Rene,Rivera,New York Mets,20,.233,4,86,.275,0,11
592680,Yadiel,Rivera,Texas Rangers,24,.173,1,139,.269,2,9
519203,Anthony,Rizzo,Chicago Cubs,160,.283,25,566,.376,6,101
543699,Tanner,Roark,Toronto Blue Jays,11,.190,0,58,.217,0,8
621002,Daniel,Robertson,San Francisco Giants,74,.262,9,282,.382,2,34
502085,David,Robertson,Philadelphia Phillies,0,.---,0,0,.---,0,0
570663,Hansel,Robles,Los Angeles Angels,0,.000,0,1,.000,0,0
645302,Victor,Robles,Washington Nationals,17,.288,3,59,.348,3,10
407845,Fernando,Rodney,Houston Astros,0,.---,0,0,.---,0,0
605446,Dereck,Rodriguez,Detroit Tigers,3,.094,0,32,.094,0,1
593958,Eduardo,Rodriguez,Boston Red Sox,0,.000,0,2,.000,0,0
622446,Jefry,Rodriguez,Cleveland Indians,3,.188,0,16,.188,0,1
593144,Richard,Rodriguez,Pittsburgh Pirates,0,.000,0,2,.000,0,0
500135,Ronny,Rodriguez,Milwaukee Brewers,42,.220,5,191,.256,2,20
446481,Sean,Rodriguez,Miami Marlins,25,.167,5,150,.277,1,19
475054,Chaz,Roe,Tampa Bay Rays,0,.---,0,0,.---,0,0
573124,Taylor,Rogers,Minnesota Twins,0,.---,0,0,.---,0,0
500743,Miguel,Rojas,Miami Marlins,123,.252,11,488,.297,6,53
607219,Sal,Romano,Cincinnati Reds,2,.056,0,36,.056,0,2
544836,Enny,Romero,Kansas City Royals,1,1.000,0,1,1.000,0,0
622864,Fernando,Romero,Minnesota Twins,0,.000,0,3,.000,0,0
461865,Andrew,Romine,Chicago White Sox,25,.210,0,119,.260,1,2
519222,Austin,Romine,Detroit Tigers,59,.244,10,242,.295,1,42
489265,Sergio,Romo,Minnesota Twins,0,.000,0,1,.000,0,0
444468,Hector,Rondon,Arizona Diamondbacks,0,.---,0,0,.---,0,0
602922,Jose,Rondon,Baltimore Orioles,23,.230,6,100,.280,2,14
642708,Amed,Rosario,New York Mets,142,.256,9,554,.295,24,51
592696,Eddie,Rosario,Minnesota Twins,161,.288,24,559,.323,8,77
600968,Randy,Rosario,Kansas City Royals,1,1.000,0,1,1.000,0,1
605452,Joe,Ross,Washington Nationals,0,.000,0,5,.000,0,0
573127,Zac,Rosscup,Colorado Rockies,0,.---,0,0,.---,0,0
607387,Ryan,Rua,Texas Rangers,27,.194,6,139,.221,3,12
607968,Drew,Rucinski,Miami Marlins,0,.000,0,4,.000,0,0
547004,Rio,Ruiz,Baltimore Orioles,1,.083,0,12,.267,0,0
543734,Chris,Rusin,Atlanta Braves,2,.500,0,4,.500,0,0
608365,Addison,Russell,Chicago Cubs,105,.250,5,420,.317,4,38
547943,Hyun Jin,Ryu,Toronto Blue Jays,7,.269,0,26,.321,0,2
594987,Casey,Sadler,Seattle Mariners,0,.000,0,2,.000,0,0
573135,Tyler,Saladino,Milwaukee Brewers,31,.246,5,126,.299,2,16
477569,Fernando,Salas,Philadelphia Phillies,0,.000,0,1,.000,0,0
519242,Chris,Sale,Boston Red Sox,0,.000,0,2,.000,0,0
457454,Jarrod,Saltalamacchia,Detroit Tigers,0,.000,0,7,.125,0,0
502188,Jeff,Samardzija,San Francisco Giants,1,.100,0,10,.100,0,0
592717,Aaron,Sanchez,Houston Astros,0,.000,0,1,.000,0,0
506703,Adrian,Sanchez,Washington Nationals,16,.276,0,58,.288,0,3
434671,Anibal,Sanchez,Washington Nationals,1,.024,0,41,.048,0,0
596142,Gary,Sanchez,New York Yankees,60,.186,18,323,.291,1,53
570560,Yolmer,Sanchez,Chicago White Sox,145,.242,8,600,.306,14,55
467055,Pablo,Sandoval,San Francisco Giants,57,.248,9,230,.310,0,40
593934,Miguel,Sano,Minnesota Twins,53,.199,13,266,.281,0,41
467793,Carlos,Santana,Cleveland Indians,128,.229,24,560,.352,2,86
542454,Danny,Santana,Texas Rangers,5,.179,0,28,.281,1,2
642701,Dennis,Santana,Los Angeles Dodgers,1,.500,0,2,.500,0,2
570267,Domingo,Santana,Cleveland Indians,56,.265,5,211,.328,1,20
650828,Edgar,Santana,Pittsburgh Pirates,0,.---,0,0,.---,0,0
623993,Anthony,Santander,Baltimore Orioles,20,.198,1,101,.250,1,6
502327,Hector,Santiago,Detroit Tigers,0,.000,0,4,.000,0,0
599683,Warwick,Saupold,Detroit Tigers,0,.000,0,1,.000,0,0
594988,Scott,Schebler,Atlanta Braves,97,.255,17,380,.337,4,49
453286,Max,Scherzer,Washington Nationals,17,.243,0,70,.274,1,6
572114,Ryan,Schimpf,Los Angeles Angels,1,.200,1,5,.429,0,2
570731,Jonathan,Schoop,Detroit Tigers,110,.233,21,473,.266,1,61
656941,Kyle,Schwarber,Chicago Cubs,102,.238,26,428,.356,4,61
582494,Robby,Scott,Arizona Diamondbacks,0,.---,0,0,.---,0,0
656945,Tanner,Scott,Baltimore Orioles,0,.---,0,0,.---,0,0
644428,Troy,Scribner,Arizona Diamondbacks,0,.000,0,1,.000,0,0
608369,Corey,Seager,Los Angeles Dodgers,27,.267,2,101,.348,0,13
572122,Kyle,Seager,Seattle Mariners,129,.221,22,583,.273,2,78
516416,Jean,Segura,Philadelphia Phillies,178,.304,10,586,.341,20,63
543760,Marcus,Semien,Oakland Athletics,161,.255,15,632,.318,14,70
622608,Antonio,Senzatela,Colorado Rockies,2,.083,0,24,.083,0,3
622663,Luis,Severino,New York Yankees,0,.000,0,5,.000,0,0
600474,Pedro,Severino,Baltimore Orioles,32,.168,2,190,.254,1,15
623149,Paul,Sewald,New York Mets,0,.000,0,5,.000,0,0
594992,Kevin,Shackelford,Cincinnati Reds,0,.000,0,1,.000,0,0
543766,Bryan,Shaw,Seattle Mariners,0,.---,0,0,.---,0,0
622046,Chris,Shaw,San Francisco Giants,10,.185,1,54,.274,1,7
543768,Travis,Shaw,Toronto Blue Jays,120,.241,32,498,.345,5,86
642073,James,Sherfy,Arizona Diamondbacks,0,.---,0,0,.---,0,0
595411,Ryan,Sherriff,Tampa Bay Rays,0,.---,0,0,.---,0,0
448306,James,Shields,Chicago White Sox,1,.167,0,6,.167,0,0
640463,Braden,Shipley,Kansas City Royals,0,.000,0,2,.000,0,0
592741,Chasen,Shreve,New York Mets,0,.000,0,1,.000,0,0
543776,JB,Shuck,Washington Nationals,25,.192,0,130,.255,2,4
642423,Magneuris,Sierra,Miami Marlins,28,.190,0,147,.222,3,7
592743,Andrelton,Simmons,Los Angeles Angels,162,.292,11,554,.337,10,75
608371,Lucas,Sims,Cincinnati Reds,0,.000,0,2,.000,0,0
448609,Tony,Sipp,Washington Nationals,0,.---,0,0,.---,0,0
642082,Chance,Sisco,Baltimore Orioles,29,.181,2,160,.288,1,16
607215,Eric,Skoglund,Kansas City Royals,0,.000,0,3,.000,0,0
605474,Matt,Skole,Chicago White Sox,3,.273,1,11,.385,0,1
596103,Austin,Slater,San Francisco Giants,50,.251,1,199,.333,7,23
572143,Burch,Smith,Oakland Athletics,0,.---,0,0,.---,0,0
592761,Caleb,Smith,Arizona Diamondbacks,3,.136,0,22,.136,0,1
605476,Carson,Smith,Boston Red Sox,0,.---,0,0,.---,0,0
642086,Dominic,Smith,New York Mets,32,.224,5,143,.255,0,11
622098,Drew,Smith,New York Mets,0,.---,0,0,.---,0,0
596105,Dwight,Smith,Baltimore Orioles,17,.262,2,65,.347,0,8
501925,Joe,Smith,Houston Astros,0,.---,0,0,.---,0,0
607345,Kevan,Smith,Tampa Bay Rays,50,.292,3,171,.348,1,21
605480,Mallex,Smith,Seattle Mariners,142,.296,2,480,.367,40,40
573166,Murphy,Smith,Toronto Blue Jays,0,.---,0,0,.---,0,0
519293,Will,Smith,Atlanta Braves,0,.---,0,0,.---,0,0
475253,Justin,Smoak,San Francisco Giants,122,.242,25,505,.350,0,77
605483,Blake,Snell,Tampa Bay Rays,0,.000,0,1,.667,0,0
592769,D.J.,Snelten,Tampa Bay Rays,0,.000,0,1,.000,0,0
474319,Brandon,Snyder,Washington Nationals,1,.167,0,6,.167,0,0
656977,Chad,Sobotka,Atlanta Braves,1,1.000,0,1,1.000,0,0
519299,Eric,Sogard,Milwaukee Brewers,13,.134,0,97,.241,3,2
500208,Yangervis,Solarte,Atlanta Braves,106,.226,17,468,.277,1,54
624585,Jorge,Soler,Kansas City Royals,59,.265,9,223,.354,3,28
465657,Joakim,Soria,Oakland Athletics,0,.---,0,0,.---,0,0
647336,Mike,Soroka,Atlanta Braves,1,.125,0,8,.125,0,0
624641,Edmundo,Sosa,St. Louis Cardinals,0,.000,0,2,.333,0,0
665742,Juan,Soto,Washington Nationals,121,.292,22,414,.406,5,70
519306,Steven,Souza Jr.,Chicago Cubs,53,.220,5,241,.309,6,29
452655,Denard,Span,Seattle Mariners,114,.261,11,437,.341,9,58
605486,Cory,Spangenberg,Milwaukee Brewers,70,.235,7,298,.298,6,25
543807,George,Springer,Houston Astros,144,.265,22,544,.346,6,71
605488,Jeffrey,Springs,Boston Red Sox,0,.---,0,0,.---,0,0
607732,Jacob,Stallings,Pittsburgh Pirates,8,.216,0,37,.268,0,5
489334,Craig,Stammen,San Diego Padres,0,.---,0,0,.---,0,0
592773,Ryne,Stanek,Miami Marlins,0,.---,0,0,.---,0,0
519317,Giancarlo,Stanton,New York Yankees,164,.266,38,617,.343,5,100
545358,Max,Stassi,Los Angeles Angels,50,.226,8,221,.316,0,27
608716,Drew,Steckenrider,Miami Marlins,0,.---,0,0,.---,0,0
623451,Jackson,Stephens,Cincinnati Reds,0,.000,0,2,.333,0,0
596112,Robert,Stephenson,Cincinnati Reds,0,.000,0,2,.333,0,0
664057,Andrew,Stevenson,Washington Nationals,19,.253,1,75,.306,1,13
621514,Christin,Stewart,Detroit Tigers,16,.267,2,60,.375,0,10
621466,DJ,Stewart,Baltimore Orioles,10,.250,3,40,.340,2,10
476594,Robert,Stock,Boston Red Sox,0,.---,0,0,.---,0,0
596115,Trevor,Story,Colorado Rockies,174,.291,37,598,.348,27,108
621381,Matt,Strahm,San Diego Padres,0,.000,0,8,.000,0,0
543829,Dee,Strange-Gordon,Seattle Mariners,149,.268,4,556,.288,30,36
544931,Stephen,Strasburg,Washington Nationals,5,.122,0,41,.163,0,1
608717,Chris,Stratton,Pittsburgh Pirates,6,.140,0,43,.136,0,5
664702,Myles,Straw,Houston Astros,3,.333,1,9,.400,2,1
519326,Hunter,Strickland,New York Mets,0,.---,0,0,.---,0,0
548389,Ross,Stripling,Toronto Blue Jays,3,.091,0,33,.091,1,2
573186,Marcus,Stroman,New York Mets,1,.333,0,3,.333,0,0
467008,Pedro,Strop,Chicago Cubs,0,.000,0,2,.000,0,0
621385,Daniel,Stumpf,Detroit Tigers,0,.---,0,0,.---,0,0
605498,Andrew,Suarez,San Francisco Giants,3,.064,0,47,.102,0,0
553993,Eugenio,Suarez,Cincinnati Reds,149,.283,34,527,.366,1,104
624133,Ranger,Suarez,Philadelphia Phillies,1,.167,0,6,.167,0,0
491696,Jesus,Sucre,Baltimore Orioles,38,.209,1,182,.247,1,17
593833,Wander,Suero,Washington Nationals,0,.000,0,3,.000,0,0
572180,Andrew,Susac,Pittsburgh Pirates,3,.115,0,26,.115,0,0
608718,Brent,Suter,Milwaukee Brewers,5,.192,1,26,.323,0,3
400085,Ichiro,Suzuki,Seattle Mariners,9,.205,0,44,.255,0,0
435559,Kurt,Suzuki,Washington Nationals,94,.271,12,347,.332,0,50
621020,Dansby,Swanson,Atlanta Braves,114,.238,14,478,.304,10,59
461872,Anthony,Swarzak,Philadelphia Phillies,0,.---,0,0,.---,0,0
596119,Blake,Swihart,Texas Rangers,44,.229,3,192,.285,6,18
592789,Noah,Syndergaard,New York Mets,6,.128,0,47,.143,0,3
592791,Jameson,Taillon,Pittsburgh Pirates,4,.070,0,57,.086,0,3
547888,Masahiro,Tanaka,New York Yankees,0,.000,0,6,.000,0,0
606132,Raimel,Tapia,Colorado Rockies,5,.200,1,25,.259,0,6
643565,Mike,Tauchman,New York Yankees,3,.094,0,32,.194,1,0
607333,Beau,Taylor,Cleveland Indians,1,.200,0,5,.333,0,0
621035,Chris,Taylor,Los Angeles Dodgers,136,.254,17,536,.331,9,63
572191,Michael A.,Taylor,Washington Nationals,80,.227,6,353,.287,24,28
527054,Julio,Teheran,Los Angeles Angels,7,.175,1,40,.190,0,4
542513,Tomas,Telis,Minnesota Twins,6,.207,0,29,.258,0,1
642133,Rowdy,Tellez,Toronto Blue Jays,22,.314,4,70,.329,0,14
572193,Ryan,Tepera,Chicago Cubs,0,.---,0,0,.---,0,0
519346,Eric,Thames,Washington Nationals,54,.219,16,247,.306,7,37
572204,Trayce,Thompson,Arizona Diamondbacks,15,.117,3,128,.162,3,9
592808,Andrew,Toles,Los Angeles Dodgers,7,.233,0,30,.281,1,4
458708,Josh,Tomlin,Atlanta Braves,0,.---,0,0,.---,0,0
650402,Gleyber,Torres,New York Yankees,117,.271,24,431,.340,6,77
591720,Ronald,Torreyes,Philadelphia Phillies,28,.280,0,100,.294,0,7
657053,Touki,Toussaint,Atlanta Braves,1,.100,0,10,.100,0,0
664167,Blake,Trahan,Cincinnati Reds,3,.214,0,14,.214,0,0
581527,Devon,Travis,Toronto Blue Jays,83,.232,11,357,.275,3,44
595014,Blake,Treinen,Los Angeles Dodgers,0,.---,0,0,.---,0,0
624431,Jose,Trevino,Texas Rangers,2,.250,0,8,.250,0,3
642152,Lou,Trivino,Oakland Athletics,0,.---,0,0,.---,0,0
545361,Mike,Trout,Los Angeles Angels,147,.312,39,471,.460,24,79
444432,Mark,Trumbo,Baltimore Orioles,86,.261,17,330,.313,0,44
663656,Kyle,Tucker,Houston Astros,9,.141,0,64,.236,1,4
592815,Sam,Tuivailala,Seattle Mariners,0,.---,0,0,.---,0,0
605513,Spencer,Turnbull,Detroit Tigers,0,.000,0,2,.000,0,0
545363,Jacob,Turner,Detroit Tigers,0,.---,0,0,.---,0,0
457759,Justin,Turner,Los Angeles Dodgers,114,.312,14,365,.406,2,52
607208,Trea,Turner,Washington Nationals,180,.271,19,664,.344,43,73
621249,Duane,Underwood,Chicago Cubs,0,.000,0,1,.000,0,0
457708,Justin,Upton,Los Angeles Angels,137,.257,30,533,.344,8,85
570632,Jose,Urena,Miami Marlins,2,.042,0,48,.061,0,1
620446,Richard,Urena,Baltimore Orioles,29,.293,1,99,.340,2,6
628711,Julio,Urias,Los Angeles Dodgers,0,.000,0,1,.000,0,0
649966,Luis,Urias,Milwaukee Brewers,10,.208,2,48,.264,1,5
570482,Gio,Urshela,New York Yankees,10,.233,1,43,.283,0,3
400284,Chase,Utley,Philadelphia Phillies,35,.213,1,164,.305,3,14
642162,Pat,Valaika,Baltimore Orioles,19,.156,2,122,.214,0,5
472528,Luis,Valbuena,Los Angeles Angels,53,.199,9,266,.253,3,33
502143,Danny,Valencia,Baltimore Orioles,67,.263,9,255,.316,1,28
591971,Breyvic,Valera,Toronto Blue Jays,15,.234,0,64,.301,1,8
545121,Ildemaro,Vargas,Chicago Cubs,4,.211,1,19,.250,1,4
450306,Jason,Vargas,Philadelphia Phillies,4,.148,0,27,.179,0,0
657786,Jerry,Vasto,Chicago Cubs,0,.---,0,0,.---,0,0
543877,Christian,Vazquez,Boston Red Sox,52,.207,3,251,.257,4,16
553878,Felipe,Vazquez,Pittsburgh Pirates,0,.000,0,1,.000,0,0
592826,Vince,Velasquez,Philadelphia Phillies,9,.225,0,40,.225,0,1
623205,Andrew,Velazquez,Baltimore Orioles,3,.300,0,10,.417,1,0
584171,Hector,Velazquez,Houston Astros,0,.000,0,1,.000,0,0
519381,Pat,Venditte,Miami Marlins,0,.---,0,0,.---,0,0
458924,Jonny,Venters,Washington Nationals,0,.---,0,0,.---,0,0
657077,Alex,Verdugo,Boston Red Sox,20,.260,1,77,.329,0,4
572403,Drew,VerHagen,Detroit Tigers,0,.000,0,1,.000,0,0
434378,Justin,Verlander,Houston Astros,1,.200,0,5,.200,0,0
622713,Engelb,Vielma,Baltimore Orioles,1,.143,0,7,.250,0,0
570799,Christian,Villanueva,San Diego Padres,83,.236,20,351,.299,3,46
542340,Jonathan,Villar,Toronto Blue Jays,121,.260,14,466,.325,35,46
650619,Meibrys,Viloria,Kansas City Royals,7,.259,0,27,.286,0,4
543883,Nick,Vincent,Miami Marlins,0,.---,0,0,.---,0,0
527055,Arodys,Vizcaino,Seattle Mariners,0,.---,0,0,.---,0,0
596129,Daniel,Vogelbach,Milwaukee Brewers,18,.207,4,87,.324,0,13
572228,Luke,Voit,New York Yankees,46,.322,15,143,.398,0,36
458690,Chris,Volstad,Chicago White Sox,0,.---,0,0,.---,0,0
608723,Austin,Voth,Washington Nationals,0,.000,0,2,.000,0,0
458015,Joey,Votto,Cincinnati Reds,143,.284,12,503,.417,2,67
608379,Michael,Wacha,New York Mets,2,.080,0,25,.115,0,1
642180,Tyler,Wade,New York Yankees,11,.167,1,66,.214,1,5
592833,Bobby,Wahl,Milwaukee Brewers,0,.---,0,0,.---,0,0
425794,Adam,Wainwright,St. Louis Cardinals,1,.091,0,11,.091,0,1
519393,Marcus,Walden,Boston Red Sox,0,.---,0,0,.---,0,0
605520,Mitch,Walding,Philadelphia Phillies,1,.059,1,17,.158,0,2
572233,Christian,Walker,Arizona Diamondbacks,8,.163,3,49,.226,1,6
435522,Neil,Walker,Philadelphia Phillies,76,.219,11,347,.309,0,46
592836,Taijuan,Walker,Toronto Blue Jays,0,.000,0,4,.000,0,0
595453,Chad,Wallach,Miami Marlins,8,.178,1,45,.275,0,5
621493,Taylor,Ward,Los Angeles Angels,24,.178,6,135,.245,2,15
453265,Tony,Watson,San Francisco Giants,0,.---,0,0,.---,0,0
596133,Luke,Weaver,Arizona Diamondbacks,6,.158,0,38,.179,0,2
643778,Tyler,Webb,St. Louis Cardinals,0,.000,0,1,.000,0,0
543901,Ryan,Weber,Boston Red Sox,0,.000,0,1,.000,0,0
605525,J.B.,Wendelken,Oakland Athletics,0,.---,0,0,.---,0,0
621563,Joey,Wendle,Tampa Bay Rays,146,.300,7,487,.354,16,61
554430,Zack,Wheeler,Philadelphia Phillies,11,.196,0,56,.193,0,4
643603,Tyler,White,Los Angeles Dodgers,58,.276,12,210,.354,0,42
595032,Chase,Whitley,Atlanta Braves,0,.---,0,0,.---,0,0
592858,Rowan,Wick,Chicago Cubs,0,.---,0,0,.---,0,0
623364,Brad,Wieck,Chicago Cubs,0,.---,0,0,.---,0,0
446308,Matt,Wieters,St. Louis Cardinals,56,.238,8,235,.330,0,30
658792,Aaron,Wilkerson,Milwaukee Brewers,0,.000,0,2,.000,0,0
592859,Stevie,Wilkerson,Baltimore Orioles,8,.174,0,46,.224,1,3
657117,Austen,Williams,Washington Nationals,0,.---,0,0,.---,0,0
642211,Justin,Williams,St. Louis Cardinals,0,.000,0,1,.000,0,0
592863,Mason,Williams,Baltimore Orioles,36,.293,2,123,.331,1,6
608384,Nick,Williams,Cincinnati Reds,104,.256,17,407,.324,3,50
592865,Taylor,Williams,San Diego Padres,1,.250,0,4,.250,0,0
592866,Trevor,Williams,Pittsburgh Pirates,5,.116,0,43,.156,0,0
435064,Bobby,Wilson,Detroit Tigers,24,.178,2,135,.242,0,16
669060,Bryse,Wilson,Atlanta Braves,0,.000,0,2,.000,0,0
458677,Justin,Wilson,New York Mets,0,.000,0,1,.000,0,0
622259,Trey,Wingenter,San Diego Padres,0,.---,0,0,.---,0,0
608385,Jesse,Winker,Cincinnati Reds,84,.299,7,281,.405,0,43
595465,Dan,Winkler,Chicago Cubs,0,.000,0,1,.000,0,0
621550,Patrick,Wisdom,Chicago Cubs,13,.260,4,50,.362,2,10
605538,Matt,Wisler,Minnesota Twins,0,.000,0,8,.000,0,0
621295,Nick,Wittgren,Cleveland Indians,0,.---,0,0,.---,0,0
547172,Tony,Wolters,Colorado Rockies,31,.170,3,182,.292,2,27
543939,Kolten,Wong,St. Louis Cardinals,88,.249,9,353,.332,6,38
622072,Alex,Wood,Los Angeles Dodgers,2,.045,0,44,.045,1,0
621056,Hunter,Wood,Cleveland Indians,0,.---,0,0,.---,0,0
605540,Brandon,Woodruff,Milwaukee Brewers,2,.250,1,8,.333,0,1
519443,Brandon,Workman,Philadelphia Phillies,0,.---,0,0,.---,0,0
431151,David,Wright,New York Mets,0,.000,0,2,.333,0,0
657140,Kyle,Wright,Atlanta Braves,0,.---,0,0,.---,0,0
605541,Mike,Wright Jr.,Seattle Mariners,0,.000,0,1,.000,0,0
453214,Steven,Wright,Boston Red Sox,0,.---,0,0,.---,0,0
642851,Austin,Wynns,Baltimore Orioles,28,.255,4,110,.287,0,11
642232,Ryan,Yarbrough,Tampa Bay Rays,0,.000,0,3,.000,0,0
489446,Kirby,Yates,San Diego Padres,0,.000,0,2,.000,0,0
592885,Christian,Yelich,Milwaukee Brewers,187,.326,36,574,.402,22,110
455759,Chris,Young,Los Angeles Angels,19,.168,6,113,.252,2,13
657145,Mark,Zagunis,Chicago Cubs,2,.400,0,5,.500,0,1
489448,Mike,Zagurski,Chicago Cubs,0,.---,0,0,.---,0,0
623354,Daniel,Zamora,New York Mets,0,.---,0,0,.---,0,0
642239,Rob,Zastryzny,Baltimore Orioles,0,.---,0,0,.---,0,0
446899,Brad,Ziegler,Arizona Diamondbacks,0,.---,0,0,.---,0,0
605548,Bradley,Zimmer,Cleveland Indians,24,.226,2,106,.281,4,9
475582,Ryan,Zimmerman,Washington Nationals,76,.264,13,288,.337,1,51
519455,Jordan,Zimmermann,Detroit Tigers,0,.000,0,2,.000,0,0
450314,Ben,Zobrist,Chicago Cubs,139,.305,9,455,.378,3,58
572287,Mike,Zunino,Tampa Bay Rays,75,.201,20,373,.259,0,44
