Player ID,first_name,last_name,hits,avg,homeruns,atbats,obp,stolenbases,rbi
547989,Jose,Abreu,132,.265,22,499,.325,2,78
660670,Ronald,Acuna,127,.293,26,433,.366,16,64
592094,Jason,Adam,0,.---,0,0,.---,0,0
642715,Willy,Adames,80,.278,10,288,.348,6,34
613534,Austin,Adams,0,.---,0,0,.---,0,0
664856,Chance,Adams,0,.---,0,0,.---,0,0
572669,Lane,Adams,6,.240,2,25,.345,1,6
571431,Matt,Adams,73,.239,21,306,.309,0,57
451192,Jim,Adduci,47,.267,3,176,.290,1,21
501303,Ehire,Adrianza,84,.251,6,335,.301,5,39
542583,Jesus,Aguilar,135,.274,35,492,.352,0,108
605113,Nick,Ahmed,121,.234,16,516,.290,5,70
458006,Matt,Albers,0,.---,0,0,.---,0,0
593643,Hanser,Alberto,5,.185,0,27,.241,0,0
645277,Ozzie,Albies,167,.261,24,639,.305,14,72
645261,Sandy,Alcantara,0,.000,0,12,.077,0,0
622505,Victor,Alcantara,0,.---,0,0,.---,0,0
518397,Scott,Alexander,0,.000,0,5,.000,0,0
595751,Jorge,Alfaro,90,.262,10,344,.324,3,37
546990,Anthony,Alford,2,.105,0,19,.190,1,1
663465,Kolby,Allard,1,1.000,0,1,1.000,0,0
592102,Cody,Allen,0,.---,0,0,.---,0,0
656185,Greg,Allen,68,.257,2,265,.310,21,20
501659,Abraham,Almonte,24,.179,3,134,.260,2,9
602083,,,,,,,,,
622075,Yency,Almonte,0,.000,0,1,.000,0,0
546991,Albert,Almora,127,.286,5,444,.323,1,41
475174,Yonder,Alonso,129,.250,23,516,.317,0,83
656186,,,,,,,,,
571437,Aaron,Altherr,44,.181,8,243,.295,3,38
514888,Jose,Altuve,169,.316,13,534,.386,17,61
621237,Jose,Alvarado,0,.---,0,0,.---,0,0
501625,Jose,Alvarez,0,.---,0,0,.---,0,0
476883,Pedro,Alvarez,20,.180,8,111,.283,0,18
474463,Brett,Anderson,1,.250,0,4,.250,0,0
605119,Brian,Anderson,161,.273,11,590,.357,2,65
502624,Chase,Anderson,4,.089,0,45,.089,0,2
623454,Drew,Anderson,0,.000,0,3,.000,0,0
605121,Justin,Anderson,0,.---,0,0,.---,0,0
664196,Tanner,Anderson,0,.000,0,1,.000,0,0
641313,Tim,Anderson,136,.240,20,567,.281,26,64
542881,Tyler,Anderson,5,.100,0,50,.167,0,1
607430,John,Andreoli,14,.230,0,61,.284,2,4
542882,Matt,Andriese,0,.000,0,1,.000,0,0
462101,Elvis,Andrus,101,.256,6,395,.308,5,33
609280,Miguel,Andujar,170,.297,27,573,.328,2,92
606157,Aristides,Aquino,0,.000,0,1,.000,0,0
644364,Victor,Arano,0,.---,0,0,.---,0,0
606478,,,,,,,,,
502042,Chris,Archer,2,.118,0,17,.118,0,0
516472,Francisco,Arcia,21,.204,6,103,.226,1,23
606115,Orlando,Arcia,82,.236,3,348,.268,7,30
571448,Nolan,Arenado,175,.297,38,590,.374,2,110
542888,Shawn,Armstrong,0,.---,0,0,.---,0,0
453562,Jake,Arrieta,6,.133,1,45,.188,0,3
624414,Christian,Arroyo,14,.264,1,53,.339,0,6
594742,Alec,Asher,0,.---,0,0,.---,0,0
553902,Willians,Astudillo,33,.355,3,93,.371,0,21
641319,Carlos,Asuaje,37,.196,2,189,.286,1,19
592122,Tyler,Austin,56,.230,17,244,.287,1,47
623214,Abiatal,Avelino,3,.273,0,11,.273,0,0
488671,Alex,Avila,32,.165,7,194,.299,0,20
501593,Luis,Avilan,0,.000,0,1,.000,0,0
446099,John,Axford,0,.---,0,0,.---,0,0
664056,Harrison,Bader,100,.264,12,379,.334,15,37
595879,Javier,Baez,176,.290,34,606,.326,21,111
520980,Pedro,Baez,0,.000,0,4,.000,0,0
622783,Sandy,Baez,0,.---,0,0,.---,0,0
456701,Homer,Bailey,3,.115,0,26,.148,0,0
607455,,,,,,,,,
542908,Jett,Bandy,12,.188,1,64,.268,0,1
592127,Johnny,Barbato,0,.---,0,0,.---,0,0
572703,,,,,,,,,
605130,,,,,,,,,
605131,Austin,Barnes,41,.205,4,200,.329,4,14
488681,Brandon,Barnes,5,.263,1,19,.333,0,2
592130,Danny,Barnes,0,.---,0,0,.---,0,0
606930,Jacob,Barnes,0,.---,0,0,.---,0,0
598264,Matt,Barnes,0,.---,0,0,.---,0,0
501817,Tony,Barnette,0,.---,0,0,.---,0,0
571466,Tucker,Barnhart,114,.248,10,460,.328,0,46
571467,Steven,Baron,1,.200,0,5,.200,0,0
607457,Kyle,Barraclough,0,.---,0,0,.---,0,0
620439,Franklin,Barreto,17,.233,5,73,.253,0,16
545332,Jake,Barrett,0,.---,0,0,.---,0,0
642545,Jaime,Barria,0,.000,0,5,.000,0,0
641341,Tyler,Bashlor,0,.000,0,1,.000,0,0
542914,Anthony,Bass,0,.---,0,0,.---,0,0
605135,,,,,,,,,
545333,Trevor,Bauer,0,.000,0,3,.000,0,0
641343,Jake,Bauers,65,.201,11,323,.316,6,48
571473,Buddy,Baumann,0,.000,0,1,.000,0,0
639373,Gerson,Bautista,0,.---,0,0,.---,0,0
430832,Jose,Bautista,66,.203,13,325,.348,4,48
622441,Rafael,Bautista,0,.000,0,6,.000,0,0
571476,Chris,Beck,0,.000,0,2,.000,0,0
493596,Gordon,Beckham,8,.182,0,44,.250,1,1
542921,Tim,Beckham,85,.230,12,369,.287,1,35
592135,Cam,Bedrosian,0,.---,0,0,.---,0,0
595881,Tyler,Beede,0,.000,0,2,.000,0,0
656222,Jalen,Beeks,0,.000,0,2,.000,0,0
279571,Matt,Belisle,0,.---,0,0,.---,0,0
542924,,,,,,,,,
518445,,,,,,,,,
605137,Josh,Bell,131,.261,12,501,.357,2,62
641355,Cody,Bellinger,145,.260,25,557,.343,14,76
474832,Brandon,Belt,101,.253,14,399,.342,4,46
134181,Adrian,Beltre,118,.273,15,433,.328,1,65
643217,Andrew,Benintendi,168,.290,16,579,.366,21,87
548357,Christian,Bergman,1,.500,0,2,.500,0,1
621244,Jose,Berrios,0,.000,0,4,.000,0,0
542932,Jon,Berti,4,.267,0,15,.267,1,2
476454,Dellin,Betances,0,.000,0,1,.000,0,0
518452,Chad,Bettis,3,.088,0,34,.139,0,2
605141,Mookie,Betts,180,.346,32,520,.438,30,80
607352,Joe,Biagini,0,.---,0,0,.---,0,0
502212,,,,,,,,,
592145,Jesse,Biddle,1,.500,0,2,.500,0,1
669456,Shane,Bieber,1,.250,0,4,.400,0,0
595885,Greg,Bird,54,.199,11,272,.286,0,38
621389,Ty,Blach,1,.034,0,29,.097,0,0
605143,Ray,Black,0,.---,0,0,.---,0,0
621112,Paul,Blackburn,0,.000,0,2,.000,0,0
453568,Charlie,Blackmon,182,.291,29,626,.358,12,70
453923,Gregor,Blanco,41,.217,2,189,.262,6,12
607468,Alex,Blandino,30,.234,1,128,.324,0,8
518466,Jabari,Blash,4,.103,0,39,.200,2,1
542946,Jeremy,Bleich,0,.---,0,0,.---,0,0
542947,Richard,Bleier,0,.---,0,0,.---,0,0
460283,Jerry,Blevins,1,.500,0,2,.500,0,1
593428,Xander,Bogaerts,148,.288,23,513,.360,8,103
593528,Jorge,Bonifacio,53,.225,4,236,.312,0,23
621366,,,,,,,,,
607471,Christopher,Bostick,3,.188,0,16,.278,0,2
623520,David,Bote,44,.239,6,184,.319,3,33
571506,Justin,Bour,96,.227,20,423,.341,2,59
488721,Peter,Bourjos,9,.205,1,44,.239,0,4
621199,Matt,Bowman,0,.000,0,1,.000,0,0
502202,Brad,Boxberger,0,.---,0,0,.---,0,0
571510,Matthew,Boyd,0,.000,0,2,.000,0,0
430641,Blaine,Boyer,0,.---,0,0,.---,0,0
542960,Brad,Brach,0,.---,0,0,.---,0,0
611093,Silvino,Bracho,0,.---,0,0,.---,0,0
607473,,,,,,,,,
598265,Jackie,Bradley Jr.,111,.234,13,474,.314,17,59
605151,Archie,Bradley,0,.---,0,0,.---,0,0
488726,Michael,Brantley,176,.309,17,570,.364,12,76
518489,Ryan,Brasier,0,.---,0,0,.---,0,0
643230,Steven,Brault,3,.150,0,20,.190,0,0
460075,Ryan,Braun,103,.254,20,405,.313,11,64
605154,John,Brebbia,0,.000,0,2,.000,0,0
608324,Alex,Bregman,170,.286,31,594,.394,10,103
605155,Colten,Brewer,0,.---,0,0,.---,0,0
592169,Austin,Brice,0,.000,0,1,.000,0,0
593993,Jose,Briceno,28,.239,5,117,.299,0,10
592170,,,,,,,,,
656257,Jeff,Brigham,1,.333,0,3,.333,0,0
621446,Lewis,Brinson,76,.199,11,382,.240,2,42
593647,Socrates,Brito,7,.175,1,40,.227,0,3
502154,Zack,Britton,0,.---,0,0,.---,0,0
605156,,,,,,,,,
571521,Rex,Brothers,0,.---,0,0,.---,0,0
542979,Keon,Broxton,14,.179,4,78,.281,5,11
457803,Jay,Bruce,71,.223,9,319,.310,2,37
592178,Kris,Bryant,106,.272,13,389,.374,2,52
453329,Clay,Buchholz,2,.065,0,31,.094,0,1
488748,Ryan,Buchter,0,.---,0,0,.---,0,0
621111,Walker,Buehler,7,.163,0,43,.200,0,1
518516,Madison,Bumgarner,7,.159,0,44,.174,0,4
607481,Aaron,Bummer,0,.---,0,0,.---,0,0
605164,Dylan,Bundy,1,.200,0,5,.200,0,0
595897,Nick,Burdi,0,.---,0,0,.---,0,0
669203,Corbin,Burnes,0,.---,0,0,.---,0,0
621114,,,,,,,,,
641427,,,,,,,,,
456713,Matt,Bush,0,.---,0,0,.---,0,0
460077,Drew,Butera,31,.190,3,163,.264,0,21
576788,Dan,Butler,1,.167,0,6,.143,0,1
572750,Eddie,Butler,0,.000,0,2,.333,0,0
621142,Ty,Buttrey,0,.---,0,0,.---,0,0
621439,Byron,Buxton,14,.156,0,90,.183,5,4
452678,Asdrubal,Cabrera,143,.262,23,546,.316,0,75
466320,Melky,Cabrera,70,.280,6,250,.335,1,39
408234,Miguel,Cabrera,40,.299,3,134,.395,0,22
502239,,,,,,,,,
456715,Lorenzo,Cain,166,.308,10,539,.395,30,38
594777,Kole,Calhoun,102,.208,19,491,.283,6,57
641432,Willie,Calhoun,22,.222,2,99,.269,0,11
622666,Johan,Camargo,126,.272,19,464,.349,1,76
600869,Jeimer,Candelario,121,.224,19,539,.317,3,54
592192,Mark,Canha,91,.249,17,365,.328,1,52
429664,Robinson,Cano,94,.303,10,310,.374,0,50
605170,Victor,Caratini,42,.232,2,181,.293,0,21
641438,Shane,Carle,0,.000,0,4,.000,0,0
572761,Matt,Carpenter,145,.257,36,564,.374,4,81
543001,,,,,,,,,
471911,Carlos,Carrasco,1,.250,0,4,.250,0,1
606944,,,,,,,,,
592200,Curt,Casali,41,.293,4,140,.355,0,16
488768,Andrew,Cashner,0,.000,0,3,.000,0,0
433586,Santiago,Casilla,0,.---,0,0,.---,0,0
592206,Nick,Castellanos,185,.298,23,620,.354,2,89
650895,Diego,Castillo,0,.000,0,1,.000,0,0
620454,Jose,Castillo,0,.000,0,1,.000,0,1
622491,Luis,Castillo,6,.102,0,59,.131,0,2
456078,Welington,Castillo,44,.259,6,170,.304,1,15
593495,Daniel,Castro,8,.174,1,46,.191,0,6
605612,Harold,Castro,3,.300,0,10,.300,1,0
488771,Jason,Castro,9,.143,1,63,.257,0,3
612434,Miguel,Castro,0,.---,0,0,.---,0,0
516770,Starlin,Castro,165,.278,12,593,.329,6,54
595909,Jake,Cave,75,.265,13,283,.313,2,45
446399,Brett,Cecil,0,.---,0,0,.---,0,0
458584,Xavier,Cedeno,0,.---,0,0,.---,0,0
518542,Juan,Centeno,6,.162,1,37,.184,0,3
465041,Francisco,Cervelli,86,.259,12,332,.378,2,57
493316,Yoenis,Cespedes,37,.262,9,141,.325,3,29
570666,Luis,Cessa,0,.000,0,1,.000,0,0
468504,Jhoulys,Chacin,9,.161,0,56,.203,0,1
605177,Andrew,Chafin,0,.---,0,0,.---,0,0
547973,Aroldis,Chapman,0,.---,0,0,.---,0,0
656305,Matt,Chapman,152,.278,24,547,.356,1,68
608638,JT,Chargois,0,.000,0,1,.000,0,0
543022,Tyler,Chatwood,4,.160,0,25,.192,0,2
445926,Jesse,Chavez,0,.000,0,1,.000,0,0
612672,Wei-Yin,Chen,6,.150,0,40,.150,0,2
455139,Robinson,Chirinos,80,.222,18,360,.338,2,65
630023,Yonny,Chirinos,0,.000,0,1,.000,0,0
502082,Lonnie,Chisenhall,27,.321,1,84,.394,1,9
596847,Ji-Man,Choi,50,.263,10,190,.357,2,32
425783,Shin-Soo,Choo,148,.264,21,560,.377,6,62
643256,Adam,Cimber,0,.000,0,4,.000,0,0
571561,Tony,Cingrani,0,.---,0,0,.---,0,0
518553,Steve,Cishek,1,.167,0,6,.167,0,0
624419,Nick,Ciuffo,7,.189,1,37,.262,0,5
592222,Alex,Claudio,0,.---,0,0,.---,0,0
605182,Mike,Clevinger,0,.000,0,4,.000,0,0
461325,Tyler,Clippard,0,.---,0,0,.---,0,0
543031,Tyler,Cloyd,0,.000,0,3,.000,0,0
502171,Alex,Cobb,1,.167,0,6,.167,0,0
595918,A.J.,Cole,1,.333,1,3,.333,0,1
543037,Gerrit,Cole,0,.000,0,9,.000,0,0
518566,Taylor,Cole,0,.---,0,0,.---,0,0
488786,Louis,Coleman,0,.---,0,0,.---,0,0
525768,Tim,Collins,0,.---,0,0,.---,0,0
517008,Alex,Colome,0,.---,0,0,.---,0,0
112526,Bartolo,Colon,0,.000,0,4,.000,0,0
624424,Michael,Conforto,132,.243,28,543,.350,3,82
543045,Adam,Conley,0,.---,0,0,.---,0,0
664869,P.J.,Conlon,1,.333,0,3,.333,0,0
575929,Willson,Contreras,118,.249,10,474,.339,4,54
475857,,,,,,,,,
643265,Garrett,Cooper,7,.212,0,33,.316,0,2
571577,Scott,Copeland,0,.---,0,0,.---,0,0
571578,Patrick,Corbin,12,.197,0,61,.222,0,5
542289,Daniel,Corcino,0,.000,0,1,.000,0,0
641477,Ryan,Cordell,4,.108,1,37,.125,0,4
614173,Franchy,Cordero,33,.237,7,139,.307,5,19
622772,Jimmy,Cordero,0,.---,0,0,.---,0,0
621043,Carlos,Correa,96,.239,15,402,.323,3,65
641482,,,,,,,,,
543056,Danny,Coulombe,0,.---,0,0,.---,0,0
592229,Dylan,Covey,0,.000,0,1,.000,0,0
592230,Kaleb,Cowart,15,.134,1,112,.210,1,10
446359,Zack,Cozart,49,.219,5,224,.296,0,18
622226,Dylan,Cozens,6,.158,1,38,.273,1,2
543063,Brandon,Crawford,135,.254,14,531,.325,4,54
641487,J.P.,Crawford,25,.214,3,117,.319,2,12
605195,Kyle,Crick,0,.---,0,0,.---,0,0
641490,Kyle,Crockett,0,.---,0,0,.---,0,0
543068,C.J.,Cron,127,.253,30,501,.323,1,74
443558,Nelson,Cruz,133,.256,37,519,.342,1,97
462480,,,,,,,,,
488810,Tony,Cruz,4,.154,1,26,.154,0,2
456501,Johnny,Cueto,0,.000,0,12,.000,0,0
571595,Noel,Cuevas,34,.233,2,146,.268,1,10
571035,William,Cuevas,0,.---,0,0,.---,0,0
518586,Charlie,Culberson,80,.270,12,296,.326,4,45
592238,,,,,,,,,
657205,Zac,Curtis,0,.---,0,0,.---,0,0
595928,,,,,,,,,
596144,Cheslor,Cuthbert,20,.194,3,103,.282,0,7
488818,Chase,d'Arnaud,20,.215,3,93,.253,2,9
518595,Travis,d'Arnaud,3,.200,1,15,.250,0,3
621311,David,Dahl,68,.273,16,249,.325,5,48
641501,,,,,,,,,
506433,Yu,Darvish,1,.083,0,12,.083,0,0
571602,Matt,Davidson,99,.228,20,434,.319,0,62
605200,Zach,Davies,1,.067,0,15,.067,0,0
656354,Austin,Davis,0,.000,0,3,.000,0,0
448801,Chris,Davis,79,.168,16,470,.243,2,49
605204,J.D.,Davis,18,.175,1,103,.248,0,5
641505,Jonathan,Davis,5,.200,0,25,.259,3,0
501981,Khris,Davis,142,.247,48,576,.326,0,123
434658,Rajai,Davis,44,.224,1,196,.278,21,6
543089,Taylor,Davis,2,.400,0,5,.333,0,2
451584,Wade,Davis,0,.---,0,0,.---,0,0
608328,,,,,,,,,
407822,Jorge,De La Rosa,0,.000,0,1,.500,0,0
660853,Enyel,De Los Santos,0,.000,0,3,.000,0,0
621573,Austin,Dean,25,.221,4,113,.279,1,14
657209,,,,,,,,,
594798,Jacob,deGrom,11,.164,0,67,.211,0,5
657557,Paul,DeJong,105,.241,19,436,.313,1,68
517414,Randall,Delgado,0,.---,0,0,.---,0,0
547170,Nicky,Delmonico,61,.215,8,284,.296,1,25
544925,Matthew,den Dekker,0,.000,0,18,.095,0,1
518614,Daniel,Descalso,83,.238,13,349,.353,0,57
543101,Anthony,DeSclafani,6,.143,1,42,.143,0,4
592261,Delino,DeShields,72,.216,2,334,.310,20,22
435622,Ian,Desmond,131,.236,22,555,.307,20,88
628333,Odrisamer,Despaigne,1,.200,0,5,.200,0,0
446321,,,,,,,,,
606965,Chris,Devenski,0,.---,0,0,.---,0,0
646240,Rafael,Devers,108,.240,21,450,.298,5,66
649557,Aledmys,Diaz,111,.263,18,422,.303,3,55
621242,Edwin,Diaz,0,.---,0,0,.---,0,0
553869,Elias,Diaz,72,.286,10,252,.339,0,34
622766,Miguel,Diaz,0,.---,0,0,.---,0,0
650490,Yandy,Diaz,34,.312,1,109,.375,0,15
572816,Corey,Dickerson,151,.300,13,504,.330,8,55
518617,Jake,Diekman,0,.---,0,0,.---,0,0
518618,Derek,Dietrich,132,.265,16,499,.330,2,45
594694,Wilmer,Difo,94,.230,7,408,.298,10,42
641525,Brandon,Dixon,21,.178,5,118,.218,0,10
622554,Seranthony,Dominguez,0,.000,0,1,.500,0,0
518626,Josh,Donaldson,46,.246,8,187,.352,2,23
448281,Sean,Doolittle,0,.---,0,0,.---,0,0
572821,Brian,Dozier,119,.215,21,553,.305,12,72
641531,Hunter,Dozier,83,.229,11,362,.278,2,34
543118,Oliver,Drake,0,.---,0,0,.---,0,0
592273,Brandon,Drury,13,.169,1,77,.256,0,10
446263,Lucas,Duda,79,.241,14,328,.313,1,50
488846,Brian,Duensing,0,.000,0,1,.500,0,0
608648,,,,,,,,,
518633,Danny,Duffy,0,.000,0,2,.000,0,0
622110,Matt,Duffy,148,.294,4,503,.361,12,44
621453,Steven,Duggar,36,.255,2,141,.303,5,17
435043,Zach,Duke,0,.000,0,1,.000,0,0
623430,Ryan,Dull,0,.---,0,0,.---,0,0
445197,Mike,Dunn,0,.---,0,0,.---,0,0
594807,Adam,Duvall,75,.195,15,384,.274,2,61
502481,Jarrod,Dyson,39,.189,2,206,.282,16,12
473879,Sam,Dyson,0,.---,0,0,.---,0,0
594809,Adam,Eaton,96,.301,5,319,.394,9,33
605218,Carl,Edwards,0,.---,0,0,.---,0,0
457754,,,,,,,,,
621107,Zach,Eflin,4,.091,1,44,.091,0,1
595191,Jerad,Eickhoff,0,.000,0,1,.000,0,0
606273,Roenis,Elias,1,.500,0,2,.500,0,0
454560,A.J.,Ellis,41,.272,1,151,.378,0,15
429665,Edwin,Encarnacion,123,.246,32,500,.336,3,107
641553,Adam,Engel,101,.235,6,429,.279,16,29
543135,Nathan,Eovaldi,1,.111,0,9,.200,0,1
572362,Robbie,Erlin,5,.217,0,23,.250,0,0
640447,Phillip,Ervin,55,.252,7,218,.324,6,31
444876,Alcides,Escobar,112,.231,4,485,.279,8,34
500871,Eduardo,Escobar,154,.272,23,566,.334,2,84
462136,Marco,Estrada,0,.000,0,1,.000,0,0
595943,Phillip,Evans,3,.143,0,21,.217,1,1
544727,Jeurys,Familia,0,.---,0,0,.---,0,0
607188,,,,,,,,,
571656,Buck,Farmer,0,.---,0,0,.---,0,0
571657,Kyle,Farmer,16,.235,0,68,.312,0,9
543144,,,,,,,,,
608652,Luke,Farrell,0,.000,0,4,.000,0,0
607200,Erick,Fedde,1,.063,0,16,.118,0,0
543148,Tim,Federowicz,9,.225,1,40,.262,0,4
593140,Michael,Feliz,0,.000,0,2,.000,0,0
657571,Caleb,Ferguson,1,.200,0,5,.200,0,0
622774,Jose Manuel,Fernandez,0,.---,0,0,.---,0,0
628336,Jose Miguel,Fernandez,31,.267,2,116,.309,1,11
670036,Matt,Festa,0,.---,0,0,.---,0,0
608654,Johnny,Field,49,.222,9,221,.254,4,21
451661,Josh,Fields,0,.---,0,0,.---,0,0
571666,,,,,,,,,
641571,Heath,Fillmyer,1,.250,0,4,.250,0,1
605232,Brandon,Finnegan,0,.000,0,7,.000,0,0
605233,Derek,Fisher,13,.165,4,79,.209,2,11
450729,,,,,,,,,
656427,Jack,Flaherty,7,.152,0,46,.188,0,0
475247,Ryan,Flaherty,35,.217,2,161,.298,4,13
664058,David,Fletcher,78,.275,1,284,.316,3,25
623167,Chris,Flexen,0,.---,0,0,.---,0,0
527038,Wilmer,Flores,103,.267,11,386,.319,0,51
465753,Pedro,Florimon,16,.225,2,71,.276,1,5
571670,Dylan,Floro,0,.000,0,4,.000,0,0
452095,Tyler,Flowers,57,.227,8,251,.341,0,30
543169,Brian,Flynn,0,.000,0,1,.000,0,0
592314,Mike,Foltynewicz,3,.052,0,58,.052,0,4
521655,Wilmer,Font,0,.---,0,0,.---,0,0
545337,Nolan,Fontana,1,.091,1,11,.167,0,1
523253,Logan,Forsythe,86,.232,2,371,.313,3,27
451594,Dexter,Fowler,52,.180,8,289,.278,5,31
641583,Dustin,Fowler,43,.224,6,192,.256,6,23
596748,Maikel,Franco,117,.270,22,433,.314,1,68
545338,Nick,Franklin,0,.000,0,2,.000,0,0
621350,,,,,,,,,
624428,Adam,Frazier,88,.277,10,318,.342,1,35
640449,Clint,Frazier,9,.265,0,34,.390,0,1
453943,Todd,Frazier,87,.213,18,408,.303,9,59
607536,Kyle,Freeland,6,.092,0,65,.119,0,2
518692,Freddie,Freeman,191,.309,23,618,.388,10,98
502273,Mike,Freeman,0,.---,0,0,.---,0,0
518693,Sam,Freeman,0,.000,0,1,.000,0,0
501896,David,Freese,83,.296,11,280,.359,0,51
571679,David,Freitas,20,.215,1,93,.277,0,5
608331,Max,Fried,1,.125,0,8,.125,0,0
605240,Jace,Fry,0,.---,0,0,.---,0,0
643316,Paul,Fry,0,.---,0,0,.---,0,0
608334,Carson,Fulmer,0,.---,0,0,.---,0,0
605242,Michael,Fulmer,0,.000,0,6,.000,0,0
543193,Drew,Gagnon,0,.000,0,1,.000,0,1
502570,Rocky,Gale,0,.000,0,2,.000,0,0
595956,Cam,Gallagher,13,.206,1,63,.250,0,7
451596,Yovani,Gallardo,0,.000,0,1,.000,0,0
606149,Giovanny,Gallegos,0,.000,0,1,.000,0,0
608336,Joey,Gallo,103,.206,40,500,.312,3,92
543194,Isaac,Galloway,13,.203,3,64,.301,1,7
520471,Freddy,Galvis,149,.248,13,602,.299,8,67
592325,Ben,Gamel,70,.272,1,257,.358,7,19
607231,John,Gant,2,.065,2,31,.065,0,3
666969,Adolis,Garcia,2,.118,0,17,.118,0,1
605244,Aramis,Garcia,18,.286,4,63,.308,0,9
541645,Avisail,Garcia,84,.236,19,356,.281,3,49
594824,Greg,Garcia,40,.221,3,181,.309,3,15
448802,Jaime,Garcia,0,.000,0,4,.000,0,0
606424,Jarlin,Garcia,0,.000,0,9,.100,0,0
544725,Leury,Garcia,70,.271,4,258,.303,12,32
472610,Luis,Garcia,0,.---,0,0,.---,0,0
554340,Yimi,Garcia,0,.---,0,0,.---,0,0
643320,,,,,,,,,
458731,Brett,Gardner,125,.236,12,530,.322,16,45
572863,Dustin,Garneau,1,.500,0,2,.667,0,1
607237,Amir,Garrett,0,.000,0,2,.000,0,0
641598,Mitch,Garver,81,.268,7,302,.335,0,45
594828,Evan,Gattis,92,.226,25,407,.284,1,78
592332,Kevin,Gausman,1,.048,0,21,.200,0,0
543208,Sam,Gaviglio,1,.333,0,3,.333,0,0
518715,Cory,Gearrin,0,.---,0,0,.---,0,0
571697,Scooter,Gennett,181,.310,23,584,.357,4,92
502226,Craig,Gentry,42,.269,1,156,.321,12,11
595222,Mike,Gerber,4,.095,0,42,.170,0,2
593334,Domingo,German,0,.000,0,1,.500,0,0
502043,Kyle,Gibson,2,1.000,0,2,1.000,0,0
571704,Ken,Giles,0,.---,0,0,.---,0,0
543219,,,,,,,,,
460269,Chris,Gimenez,12,.211,2,57,.288,1,7
608337,Lucas,Giolito,0,.000,0,6,.000,0,0
571710,Mychal,Givens,0,.---,0,0,.---,0,0
607192,Tyler,Glasnow,0,.000,0,3,.000,0,0
606983,Koda,Glover,0,.---,0,0,.---,0,0
643327,Zack,Godley,3,.057,0,53,.123,0,1
592340,Erik,Goeddel,0,.---,0,0,.---,0,0
627894,Luiz,Gohara,0,.000,0,2,.000,0,0
572365,Ryan,Goins,26,.226,0,115,.252,0,6
502671,Paul,Goldschmidt,172,.290,33,593,.389,7,83
596295,Austin,Gomber,4,.211,0,19,.211,0,4
543228,Yan,Gomes,107,.266,16,403,.313,0,48
460576,Carlos,Gomez,75,.208,9,360,.298,12,32
491646,,,,,,,,,
622497,Miguel,Gomez,4,.267,0,15,.267,0,1
596816,Roberto,Gomez,0,.000,0,2,.000,0,0
624427,,,,,,,,,
594835,Marco,Gonzales,0,.000,0,2,.000,0,0
408236,Adrian,Gonzalez,40,.237,6,169,.299,0,26
554054,Alfredo,Gonzalez,1,.111,0,9,.111,0,1
471865,Carlos,Gonzalez,128,.276,16,463,.329,5,64
570481,Erik,Gonzalez,36,.265,1,136,.301,3,16
461829,Gio,Gonzalez,4,.078,0,51,.096,0,1
503556,Marwin,Gonzalez,121,.247,16,489,.324,2,68
642571,Merandy,Gonzalez,1,.250,0,4,.250,0,0
456068,,,,,,,,,
592348,Niko,Goodrum,109,.245,16,444,.315,12,53
571718,Brian,Goodwin,38,.239,6,159,.318,4,25
580792,,,,,,,,,
460086,Alex,Gordon,124,.245,13,506,.324,12,54
605253,Terrance,Gore,1,.200,0,5,.200,6,0
594838,Phil,Gosselin,3,.125,1,24,.250,0,2
605254,,,,,,,,,
641627,Trevor,Gott,0,.---,0,0,.---,0,0
594840,Matt,Grace,1,.333,0,3,.333,0,0
518735,Yasmani,Grandal,106,.241,24,440,.349,2,68
434158,Curtis,Granderson,83,.242,13,343,.351,2,38
492802,Juan,Graterol,2,.250,0,8,.333,0,0
608665,,,,,,,,,
605255,Brett,Graves,0,.000,0,2,.000,0,0
592351,Jon,Gray,4,.077,0,52,.127,0,2
543243,Sonny,Gray,0,.000,0,2,.000,0,0
643338,Chad,Green,0,.---,0,0,.---,0,0
572888,Shane,Greene,0,.---,0,0,.---,0,0
502381,Luke,Gregerson,0,.---,0,0,.---,0,0
544369,Didi,Gregorius,135,.268,27,504,.335,10,86
606988,Grayson,Greiner,21,.219,0,96,.328,0,12
425844,Zack,Greinke,15,.234,0,64,.269,3,5
545341,Randal,Grichuk,104,.245,25,424,.301,3,61
518748,,,,,,,,,
543257,Robbie,Grossman,108,.273,5,396,.367,0,48
607229,Robert,Gsellman,0,.000,0,3,.250,0,0
594056,,,,,,,,,
457915,Javy,Guerra,0,.---,0,0,.---,0,0
642770,Javy,Guerra,2,.125,0,16,.263,0,1
448855,Junior,Guerra,4,.114,0,35,.114,0,0
602115,Gabriel,Guerrero,3,.167,1,18,.167,0,1
594027,Tayron,Guerrero,0,.---,0,0,.---,0,0
605260,Taylor,Guerrieri,0,.---,0,0,.---,0,0
641645,Luis,Guillorme,14,.209,0,67,.284,1,5
543258,Preston,Guilmet,0,.---,0,0,.---,0,0
666971,Lourdes,Gurriel Jr.,70,.281,11,249,.309,1,35
493329,Yuli,Gurriel,156,.291,13,537,.323,5,85
446386,Brandon,Guyer,40,.206,7,194,.300,1,27
608597,Ronald,Guzman,91,.235,16,387,.306,1,58
576397,Jedd,Gyorko,92,.262,11,351,.346,2,47
606992,Eric,Haase,2,.125,0,16,.176,0,1
623352,Josh,Hader,1,.500,0,2,.500,0,0
571735,,,,,,,,,
595234,,,,,,,,,
664180,Matt,Hall,0,.---,0,0,.---,0,0
430935,Cole,Hamels,3,.120,1,25,.154,0,1
571740,Billy,Hamilton,119,.236,4,504,.299,34,29
641656,,,,,,,,,
434628,Jason,Hammel,0,.000,0,3,.000,0,0
641658,Garrett,Hampson,11,.275,0,40,.396,2,4
606995,Justin,Hancock,0,.000,0,2,.000,0,0
543272,Brad,Hand,0,.000,0,1,.000,0,0
621098,Eric,Hanhold,0,.---,0,0,.---,0,0
571745,Mitch,Haniger,170,.285,26,596,.366,8,93
593700,Alen,Hanson,74,.252,8,294,.274,7,39
664023,Ian,Happ,90,.233,15,387,.353,8,44
457918,J.A.,Happ,2,.333,0,6,.429,0,0
543278,Blaine,Hardy,0,.---,0,0,.---,0,0
547180,Bryce,Harper,137,.249,34,550,.393,13,100
501789,Will,Harris,0,.---,0,0,.---,0,0
543281,Josh,Harrison,86,.250,8,344,.293,3,37
643354,Donnie,Hart,0,.---,0,0,.---,0,0
518774,Matt,Harvey,4,.075,0,53,.109,0,1
501822,Chris,Hatcher,0,.---,0,0,.---,0,0
623434,,,,,,,,,
452104,Chase,Headley,6,.115,0,52,.233,0,4
592387,Ryon,Healy,116,.235,24,493,.277,0,73
571760,Andrew,Heaney,1,.125,0,8,.125,0,0
588751,Adeiny,Hechavarria,73,.247,6,296,.279,2,31
595978,Austin,Hedges,70,.231,14,303,.282,3,37
476451,Jeremy,Hellickson,2,.063,0,32,.063,0,1
592390,Heath,Hembree,0,.000,0,1,.000,0,0
543294,Kyle,Hendricks,4,.067,0,60,.097,0,1
521230,Liam,Hendriks,0,.---,0,0,.---,0,0
628338,Guillermo,Heredia,69,.236,5,292,.318,2,19
641684,Michael,Hermosillo,12,.211,1,57,.274,0,1
514917,Cesar,Hernandez,153,.253,15,605,.356,19,60
456696,David,Hernandez,0,.000,0,1,.000,0,0
622694,Elieser,Hernandez,0,.000,0,11,.000,0,0
571771,Enrique,Hernandez,103,.256,21,402,.336,3,52
433587,Felix,Hernandez,0,.000,0,4,.000,0,0
491676,Gorkys,Hernandez,97,.234,15,414,.285,8,40
606192,Teoscar,Hernandez,114,.239,22,476,.302,5,57
599096,Dilson,Herrera,16,.184,5,87,.268,0,11
516969,Kelvin,Herrera,0,.---,0,0,.---,0,0
546318,Odubel,Herrera,140,.255,22,550,.310,5,71
594011,Rosell,Herrera,65,.234,1,278,.286,3,20
543302,Chris,Herrmann,18,.237,2,76,.322,0,7
605276,David,Hess,0,.000,0,2,.333,0,0
518792,Jason,Heyward,119,.270,8,440,.335,1,57
543305,Aaron,Hicks,119,.248,27,480,.366,11,79
543308,John,Hicks,75,.260,9,288,.312,0,32
663855,Jordan,Hicks,0,.000,0,1,.000,0,0
543309,Kyle,Higashioka,12,.167,3,72,.241,0,6
657610,Trevor,Hildenberger,0,.---,0,0,.---,0,0
448179,Rich,Hill,4,.093,0,43,.093,0,2
657612,Tim,Hill,0,.000,0,1,.000,0,0
673633,Yoshihisa,Hirano,0,.000,0,1,.000,0,0
656546,Jeff,Hoffman,0,.---,0,0,.---,0,0
592407,Bryan,Holaday,31,.205,1,151,.261,0,16
656547,Jonathan,Holder,0,.---,0,0,.---,0,0
502706,Derek,Holland,3,.057,0,53,.074,0,0
518813,Greg,Holland,0,.---,0,0,.---,0,0
407812,Matt,Holliday,15,.283,2,53,.415,0,3
605280,Clay,Holmes,0,.000,0,6,.000,0,0
571788,Brock,Holt,89,.277,7,321,.362,7,46
543331,J.J.,Hoover,0,.---,0,0,.---,0,0
656555,Rhys,Hoskins,137,.246,34,558,.354,5,96
543333,Eric,Hosmer,155,.253,18,613,.322,7,69
605288,Adrian,Houser,0,.---,0,0,.---,0,0
607572,Sam,Howard,0,.---,0,0,.---,0,0
624586,,,,,,,,,
629496,,,,,,,,,
641712,Dakota,Hudson,0,.000,0,1,.000,0,0
543339,Daniel,Hudson,0,.000,0,2,.000,0,0
621529,Joe,Hudson,2,.167,0,12,.167,0,1
453172,Jared,Hughes,0,.---,0,0,.---,0,0
461833,Phil,Hughes,0,.000,0,1,.000,0,0
460026,Nick,Hundley,68,.241,10,282,.298,2,31
488984,Tommy,Hunter,0,.000,0,1,.000,0,0
571800,Drew,Hutchison,1,.250,0,4,.400,0,0
455104,Chris,Iannetta,67,.224,11,299,.345,0,36
578428,Jose,Iglesias,116,.269,5,432,.310,15,48
628452,Raisel,Iglesias,0,.000,0,3,.000,0,0
542255,Ender,Inciarte,158,.265,10,597,.325,28,61
500872,,,,,,,,,
457706,Austin,Jackson,85,.245,3,347,.299,3,32
429719,Edwin,Jackson,0,.000,0,2,.000,0,0
592426,Luke,Jackson,0,.000,0,1,.500,0,0
657624,,,,,,,,,
608671,Travis,Jankowski,90,.259,4,347,.332,24,17
643376,Danny,Jansen,20,.247,3,81,.347,0,8
445276,Kenley,Jansen,0,.---,0,0,.---,0,0
445055,Jon,Jay,141,.268,3,527,.330,4,40
502026,Jeremy,Jeffress,0,.---,0,0,.---,0,0
543359,Dan,Jennings,2,.667,0,3,.667,0,0
448178,,,,,,,,,
605301,Williams,Jerez,0,.---,0,0,.---,0,0
657228,,,,,,,,,
641729,Joe,Jimenez,0,.---,0,0,.---,0,0
598271,Brian,Johnson,1,.250,0,4,.250,0,0
597113,DJ,Johnson,0,.---,0,0,.---,0,0
462382,Jim,Johnson,0,.---,0,0,.---,0,0
572955,Pierce,Johnson,0,.000,0,1,.000,0,0
582473,Sherman,Johnson,0,.000,0,10,.091,0,0
430945,Adam,Jones,163,.281,15,580,.313,7,63
592444,JaCoby,Jones,89,.207,11,429,.266,13,34
518858,Nate,Jones,0,.---,0,0,.---,0,0
624507,Ryder,Jones,3,.375,2,8,.375,0,3
543376,Caleb,Joseph,58,.219,3,265,.254,2,17
543377,Corban,Joseph,4,.222,0,18,.263,0,3
459964,Matt,Joyce,43,.208,7,207,.322,0,15
592450,Aaron,Judge,115,.278,27,413,.392,6,67
596001,Jakob,Junis,0,.000,0,2,.000,0,0
642558,Ariel,Jurado,0,.---,0,0,.---,0,0
664842,Kevin,Kaczmarski,0,.000,0,4,.200,0,0
592454,Tommy,Kahnle,0,.---,0,0,.---,0,0
628356,Jung Ho,Kang,2,.333,0,6,.333,0,0
605309,Keone,Kela,0,.---,0,0,.---,0,0
641745,Brad,Keller,1,.333,0,3,.333,0,0
518875,Shawn,Kelley,0,.000,0,1,.000,0,0
608348,Carson,Kelly,4,.114,0,35,.205,0,3
543391,Casey,Kelly,0,.000,0,4,.000,0,0
523260,Joe,Kelly,0,.---,0,0,.---,0,0
571841,Ty,Kelly,1,.091,0,11,.167,0,0
461314,Matt,Kemp,134,.290,21,462,.338,0,85
643393,Tony,Kemp,67,.263,6,255,.351,9,30
435062,Howie,Kendrick,46,.303,4,152,.331,1,12
664028,Brett,Kennedy,0,.000,0,8,.000,0,0
453178,Ian,Kennedy,1,.500,0,2,.500,0,0
596146,Max,Kepler,119,.224,20,532,.319,4,58
477132,Clayton,Kershaw,11,.239,0,46,.340,0,7
572971,Dallas,Keuchel,0,.000,0,2,.000,0,0
571851,Spencer,Kieboom,29,.232,2,125,.322,0,13
518883,,,,,,,,,
595281,Kevin,Kiermaier,72,.217,7,332,.282,10,29
518886,Craig,Kimbrel,0,.---,0,0,.---,0,0
643396,Isiah,Kiner-Falefa,93,.261,4,356,.325,7,34
664068,Scott,Kingery,102,.226,8,452,.267,10,35
592468,Nick,Kingham,2,.087,0,23,.160,0,4
641755,Tyler,Kinley,0,.---,0,0,.---,0,0
435079,Ian,Kinsler,117,.240,14,487,.301,16,48
445213,Brandon,Kintzler,0,.000,0,1,.000,0,0
543401,Jason,Kipnis,122,.230,18,530,.315,7,75
552640,Andrew,Kittredge,0,.000,0,1,.000,0,0
623182,Patrick,Kivlehan,3,.231,0,13,.286,0,0
446372,Corey,Kluber,0,.000,0,6,.000,0,0
595284,Andrew,Knapp,37,.198,4,187,.294,1,15
608349,Corey,Knebel,0,.---,0,0,.---,0,0
571863,Matt,Koch,1,.059,0,17,.200,0,0
592473,Adam,Kolarek,0,.---,0,0,.---,0,0
502004,George,Kontos,0,.---,0,0,.---,0,0
656629,,,,,,,,,
518902,Pete,Kozma,15,.217,1,69,.236,0,8
596012,Kevin,Kramer,5,.135,0,37,.175,0,4
456124,Erik,Kratz,48,.236,6,203,.280,1,23
607216,Joey,Krehbiel,0,.---,0,0,.---,0,0
571871,,,,,,,,,
641771,Chad,Kuhl,3,.143,0,21,.143,0,1
600303,Tommy,La Stella,45,.266,1,169,.340,0,19
501571,Juan,Lagares,20,.339,0,59,.375,3,6
534606,Ryan,LaMarre,46,.279,2,165,.322,2,18
571875,Jake,Lamb,46,.222,6,207,.307,1,31
543424,,,,,,,,,
641778,Eric,Lauer,2,.067,0,30,.094,0,1
657656,Ramon,Laureano,45,.288,5,156,.358,7,19
543432,Ryan,Lavarnway,4,.667,0,6,.667,0,1
571882,Derek,Law,1,1.000,0,1,1.000,0,0
596271,Casey,Lawrence,0,.---,0,0,.---,0,0
502190,Mike,Leake,0,.000,0,4,.000,0,0
453281,Wade,LeBlanc,1,.333,0,3,.333,0,0
600917,Jose,Leclerc,0,.---,0,0,.---,0,0
657658,Braxton,Lee,3,.176,0,17,.222,0,2
643410,Mark,Leiter,0,.000,0,3,.000,0,0
518934,DJ,LeMahieu,147,.276,15,533,.321,6,62
506702,Sandy,Leon,47,.177,5,265,.232,1,22
608678,Dominic,Leone,0,.---,0,0,.---,0,0
452657,Jon,Lester,7,.119,1,59,.119,0,9
592499,Artie,Lewicki,0,.---,0,0,.---,0,0
571893,Adam,Liberatore,0,.000,0,1,.000,0,0
624407,Tzu-Wei,Lin,16,.246,1,65,.329,0,6
596019,Francisco,Lindor,183,.277,38,661,.352,25,92
434538,Francisco,Liriano,0,.000,0,1,.000,0,0
641793,Zack,Littell,0,.---,0,0,.---,0,0
594902,Ben,Lively,0,.000,0,7,.000,0,0
642528,Jonathan,Loaisiga,0,.000,0,2,.000,0,0
446653,Jose,Lobaton,7,.143,0,49,.246,0,4
641796,Tim,Locastro,2,.182,0,11,.357,4,0
621141,Walker,Lockett,0,.000,0,4,.200,0,0
457429,Boone,Logan,0,.---,0,0,.---,0,0
446334,Evan,Longoria,117,.244,16,480,.281,3,54
605347,Jorge,Lopez,1,.500,0,2,.500,0,2
641154,Pablo,Lopez,3,.188,0,16,.235,0,0
607257,Raffy,Lopez,18,.176,3,102,.265,1,13
625643,Reynaldo,Lopez,0,.000,0,1,.000,0,0
661255,Yoan,Lopez,0,.---,0,0,.---,0,0
547179,Michael,Lorenzen,9,.290,4,31,.333,0,10
571901,Aaron,Loup,0,.---,0,0,.---,0,0
664040,Brandon,Lowe,30,.233,6,129,.324,2,25
476704,Jed,Lowrie,159,.267,23,596,.353,0,99
572998,Josh,Lucas,0,.---,0,0,.---,0,0
664192,Joey,Lucchesi,2,.059,0,34,.154,0,1
518960,Jonathan,Lucroy,100,.241,4,415,.291,0,51
608475,Dawel,Lugo,20,.213,1,94,.267,0,8
607625,Seth,Lugo,1,.091,0,11,.167,0,0
656669,Jordan,Luplow,17,.185,3,92,.272,2,7
543475,Jordan,Lyles,0,.000,0,15,.167,0,1
458681,Lance,Lynn,0,.000,0,4,.000,0,0
544928,Tyler,Lyons,0,.---,0,0,.---,0,0
553988,Dixon,Machado,44,.206,1,214,.263,1,21
592518,Manny,Machado,188,.297,37,632,.367,14,107
425492,Ryan,Madson,0,.---,0,0,.---,0,0
628317,Kenta,Maeda,3,.094,0,32,.094,0,0
543483,Matt,Magill,0,.000,0,1,.000,0,0
641816,Tyler,Mahle,3,.103,0,29,.161,0,0
543484,Mikie,Mahtook,45,.202,9,223,.276,4,29
571912,Luke,Maile,50,.248,3,202,.333,2,27
628318,Kazuhisa,Makita,0,.000,0,3,.000,0,0
455117,Martin,Maldonado,84,.225,9,373,.276,0,44
640455,Sean,Manaea,1,.200,0,5,.200,0,0
641820,Trey,Mancini,141,.242,24,582,.299,0,58
448167,,,,,,,,,
596027,Dillon,Maples,0,.---,0,0,.---,0,0
622534,Manuel,Margot,117,.245,8,477,.292,11,51
501697,,,,,,,,,
545350,Jake,Marisnick,45,.211,10,213,.275,6,28
605357,Mike,Marjama,3,.111,0,27,.172,0,0
455976,Nick,Markakis,185,.297,14,623,.366,1,93
608566,German,Marquez,18,.300,1,60,.300,0,5
571918,Deven,Marrero,13,.167,0,78,.224,3,7
605359,Evan,Marshall,0,.---,0,0,.---,0,0
527043,Jefry,Marte,42,.216,7,194,.273,1,22
606466,Ketel,Marte,135,.260,14,520,.332,6,59
516782,Starling,Marte,155,.277,20,559,.327,33,72
455119,Chris,Martin,0,.---,0,0,.---,0,0
547982,Leonys,Martin,81,.255,11,318,.323,7,33
431145,Russell,Martin,56,.194,10,289,.338,0,25
593372,Carlos,Martinez,8,.242,1,33,.235,0,4
502110,J.D.,Martinez,188,.330,43,569,.402,6,130
500874,Jose,Martinez,163,.305,17,534,.364,0,83
400121,Victor,Martinez,117,.251,9,467,.297,0,54
605361,Nick,Martini,45,.296,1,152,.397,0,19
425772,Jeff,Mathis,39,.200,1,195,.272,0,20
664208,Phil,Maton,0,.---,0,0,.---,0,0
571927,Steven,Matz,5,.109,2,46,.163,0,4
408045,Joe,Mauer,137,.282,6,486,.351,0,48
543506,Brandon,Maurer,0,.---,0,0,.---,0,0
622194,Bruce,Maxwell,10,.182,1,55,.207,0,6
543507,,,,,,,,,
457727,Cameron,Maybin,85,.249,4,342,.326,10,28
594577,Mike,Mayers,0,.000,0,1,.500,0,0
641835,Tim,Mayza,0,.---,0,0,.---,0,0
608577,Nomar,Mazara,126,.258,20,489,.317,1,77
543508,Cory,Mazzoni,0,.---,0,0,.---,0,0
502083,Zach,McAllister,0,.---,0,0,.---,0,0
435263,Brian,McCann,40,.212,7,189,.301,0,23
543510,James,McCann,94,.220,8,427,.267,0,39
435221,Brandon,McCarthy,3,.103,0,29,.103,0,2
641838,Kevin,McCarthy,0,.---,0,0,.---,0,0
607030,Adam,McCreery,0,.---,0,0,.---,0,0
621121,Lance,McCullers,0,.000,0,2,.000,0,0
457705,Andrew,McCutchen,145,.255,20,569,.368,14,65
519008,T.J.,McFarland,0,.000,0,7,.000,0,0
459429,Jake,McGee,0,.---,0,0,.---,0,0
641851,Kyle,McGowin,0,.000,0,2,.000,0,0
657681,Kyle,McGrath,0,.000,0,1,.000,0,0
592547,Deck,McGuire,1,.333,0,3,.333,0,0
624512,Reese,McGuire,9,.290,2,31,.333,1,4
543521,Collin,McHugh,0,.---,0,0,.---,0,0
641856,Billy,McKinney,30,.252,6,119,.318,1,13
641857,Ryan,McMahon,42,.232,5,181,.307,1,19
643446,Jeff,McNeil,74,.329,3,225,.381,7,19
656725,Alex,McRae,0,.000,0,2,.000,0,0
640457,Austin,Meadows,51,.287,6,178,.325,5,17
607644,,,,,,,,,
450665,Kris,Medlen,0,.000,0,1,.000,0,0
664682,Ryan,Meisinger,0,.---,0,0,.---,0,0
606167,Adalberto,Mejia,0,.000,0,1,.000,0,0
642336,Francisco,Mejia,10,.179,3,56,.258,0,8
453343,Mark,Melancon,0,.---,0,0,.---,0,0
622492,Keury,Mella,0,.000,0,2,.000,0,0
622795,Yohander,Mendez,0,.000,0,2,.000,0,0
596043,Daniel,Mengden,1,.333,0,3,.333,0,1
474568,Jordy,Mercer,99,.251,6,394,.315,2,39
593160,Whit,Merrifield,192,.304,12,632,.367,45,60
519023,Devin,Mesoraco,54,.221,11,244,.303,0,33
656738,Ben,Meyer,0,.000,0,1,.000,0,0
641871,,,,,,,,,
571945,Miles,Mikolas,9,.143,2,63,.167,0,6
489119,Wade,Miley,5,.185,0,27,.214,0,0
453192,Andrew,Miller,0,.000,0,1,.000,0,0
543543,Brad,Miller,57,.248,7,230,.311,0,29
502522,Justin,Miller,0,.000,0,1,.000,0,0
571946,Shelby,Miller,0,.000,0,3,.200,0,1
621219,Alec,Mills,1,.200,0,5,.200,0,0
571948,Hoby,Milner,0,.---,0,0,.---,0,0
543548,Tommy,Milone,0,.000,0,7,.125,0,0
573668,Juan,Minaya,0,.---,0,0,.---,0,0
501985,Mike,Minor,1,.333,0,3,.333,0,0
621345,A.J.,Minter,0,.---,0,0,.---,0,0
664641,,,,,,,,,
571951,Bryan,Mitchell,2,.111,0,18,.111,0,0
425877,Yadier,Molina,120,.261,20,459,.314,4,74
660162,Yoan,Moncada,136,.235,17,578,.315,12,61
609275,Adalberto,Mondesi,76,.276,14,275,.306,32,37
593423,Frankie,Montas,0,.000,0,5,.000,0,0
471083,Miguel,Montero,0,.000,0,11,.154,0,0
656756,,,,,,,,,
543557,Mike,Montgomery,3,.091,0,33,.118,0,1
446192,Adam,Moore,4,.222,1,18,.263,0,2
519043,Matt,Moore,0,.---,0,0,.---,0,0
434778,Kendrys,Morales,103,.249,21,413,.331,2,57
591672,,,,,,,,,
592567,Colin,Moran,115,.277,11,415,.340,0,58
519048,Mitch,Moreland,99,.245,15,404,.325,2,68
605388,Adam,Morgan,0,.---,0,0,.---,0,0
573046,Mike,Morin,0,.---,0,0,.---,0,0
621559,Max,Moroff,11,.186,3,59,.284,0,9
606625,Reyes,Moronta,0,.000,0,1,.000,0,0
592570,Akeel,Morris,0,.---,0,0,.---,0,0
489149,Logan,Morrison,59,.186,15,318,.276,1,39
453344,Brandon,Morrow,0,.000,0,1,.000,0,0
450203,Charlie,Morton,1,.167,0,6,.167,0,0
600301,Taylor,Motter,5,.147,1,34,.237,1,2
519058,Mike,Moustakas,144,.251,28,573,.315,4,95
622382,Gabriel,Moya,0,.---,0,0,.---,0,0
493247,Peter,Moylan,0,.---,0,0,.---,0,0
656775,Cedric,Mullins,40,.235,4,170,.312,2,11
571970,Max,Muncy,104,.263,35,395,.391,3,79
622168,Yairo,Munoz,81,.276,8,293,.350,5,42
502517,Daniel,Murphy,98,.299,12,328,.336,3,42
571974,John Ryan,Murphy,42,.202,9,208,.244,0,24
608596,Tom,Murphy,21,.226,2,93,.250,0,11
643466,Harrison,Musgrave,0,.000,0,3,.000,0,0
605397,Joe,Musgrove,5,.161,0,31,.161,0,0
571976,Wil,Myers,79,.253,11,312,.318,13,39
571980,Tyler,Naquin,46,.264,3,174,.295,1,23
553882,Omar,Narvaez,77,.275,9,280,.366,0,30
519068,Efren,Navarro,1,.167,0,6,.167,0,0
594943,Zach,Neal,0,.---,0,0,.---,0,0
502117,Kristopher,Negron,7,.219,1,32,.242,2,4
593576,Hector,Neris,0,.000,0,1,.000,0,0
450212,Pat,Neshek,0,.---,0,0,.---,0,0
596720,Dovydas,Neverauskas,0,.---,0,0,.---,0,0
623470,Jake,Newberry,0,.---,0,0,.---,0,0
656794,Sean,Newcomb,2,.044,0,45,.065,0,1
621028,Kevin,Newman,19,.209,0,91,.247,0,6
547912,Gift,Ngoepe,1,.056,0,18,.105,0,0
504379,Juan,Nicasio,0,.---,0,0,.---,0,0
621512,Tomas,Nido,14,.167,1,84,.200,0,9
607043,Brandon,Nimmo,114,.263,17,433,.404,9,47
656798,Jacob,Nix,0,.000,0,15,.000,0,0
605400,Aaron,Nola,3,.048,0,62,.063,0,4
502032,Bud,Norris,0,.---,0,0,.---,0,0
596057,Daniel,Norris,0,.000,0,2,.000,0,0
656803,James,Norwood,0,.000,0,3,.000,0,0
641924,Jacob,Nottingham,4,.200,0,20,.333,0,0
467100,Ivan,Nova,1,.019,0,53,.019,0,0
456488,Eduardo,Nunez,127,.265,10,480,.289,7,44
600524,Renato,Nunez,61,.258,8,236,.322,0,22
573064,Vidal,Nuno,2,1.000,0,2,1.000,0,1
598284,Peter,O'Brien,18,.273,4,66,.338,0,10
503285,Darren,O'Day,0,.---,0,0,.---,0,0
622217,Chris,O'Grady,0,.---,0,0,.---,0,0
656811,Ryan,O'Hearn,39,.262,12,149,.353,0,30
641933,Tyler,O'Neill,33,.254,9,130,.303,2,23
656805,,,,,,,,,
623184,Scott,Oberg,0,.---,0,0,.---,0,0
596059,Rougned,Odor,120,.253,18,474,.326,12,63
543606,Jake,Odorizzi,0,.000,0,6,.000,0,0
468396,,,,,,,,,
493200,Seunghwan,Oh,0,.---,0,0,.---,0,0
660271,Shohei,Ohtani,93,.285,22,326,.361,10,61
595345,Steven,Okert,0,.---,0,0,.---,0,0
621566,Matt,Olson,143,.247,29,580,.335,2,84
621397,Tyler,Olson,0,.---,0,0,.---,0,0
644337,Nate,Orf,2,.095,1,21,.240,1,1
449181,Paulo,Orlando,15,.167,0,90,.194,0,5
542364,Rafael,Ortega,31,.233,0,133,.287,5,7
656814,,,,,,,,,
592612,Josh,Osich,0,.---,0,0,.---,0,0
591741,Jose,Osuna,24,.226,3,106,.252,0,11
532077,Roberto,Osuna,0,.---,0,0,.---,0,0
621261,Corey,Oswalt,0,.000,0,18,.000,0,0
519096,Dan,Otero,0,.---,0,0,.---,0,0
493603,Adam,Ottavino,0,.---,0,0,.---,0,0
572008,Chris,Owings,58,.206,4,281,.272,11,22
542303,Marcell,Ozuna,163,.280,23,582,.325,3,88
641941,Emilio,Pagan,0,.---,0,0,.---,0,0
594953,Daniel,Palka,100,.240,27,417,.294,2,67
605412,Joe,Panik,91,.254,4,358,.307,4,24
623381,Thomas,Pannone,0,.---,0,0,.---,0,0
622161,,,,,,,,,
487675,Edward,Paredes,0,.---,0,0,.---,0,0
453284,Blake,Parker,0,.---,0,0,.---,0,0
467827,Gerardo,Parra,114,.284,6,401,.342,11,53
641149,Wes,Parsons,0,.000,0,1,.000,0,0
600944,,,,,,,,,
572020,,,,,,,,,
572021,James,Pazos,0,.---,0,0,.---,0,0
502748,Brad,Peacock,0,.000,0,1,.000,0,0
456665,Steve,Pearce,61,.284,11,215,.378,0,42
592626,Joc,Pederson,98,.248,25,395,.321,1,56
456030,Dustin,Pedroia,1,.091,0,11,.231,0,0
641962,CD,Pelham,0,.---,0,0,.---,0,0
570240,Felix,Pena,0,.000,0,6,.000,0,0
506747,Francisco,Pena,27,.203,2,133,.239,1,8
452254,Hunter,Pence,53,.226,4,235,.258,5,24
460060,Cliff,Pennington,4,.138,0,29,.265,0,0
444482,David,Peralta,164,.293,30,560,.352,4,87
642547,Freddy,Peralta,1,.038,0,26,.038,0,1
593974,Wandy,Peralta,0,.000,0,1,.000,0,0
503449,Wily,Peralta,0,.---,0,0,.---,0,0
606299,Jose,Peraza,182,.288,14,632,.326,23,58
606131,Luis,Perdomo,2,.250,0,8,.222,0,1
542208,Carlos,Perez,10,.143,1,70,.178,1,3
672335,Cionel,Perez,0,.---,0,0,.---,0,0
541650,Hernan,Perez,80,.253,9,316,.290,11,29
527048,Martin,Perez,0,.000,0,3,.000,0,0
605421,Michael,Perez,21,.284,1,74,.304,0,11
424144,Oliver,Perez,0,.---,0,0,.---,0,0
547379,Roberto,Perez,30,.168,2,179,.256,1,19
521692,Salvador,Perez,120,.235,27,510,.274,1,80
596071,Dillon,Peters,1,.143,0,7,.250,0,0
640460,Dustin,Peterson,0,.000,0,2,.000,0,0
607054,Jace,Peterson,42,.200,3,210,.310,13,28
623402,Tim,Peterson,0,.000,0,2,.000,0,0
463610,Gregorio,Petit,15,.246,0,61,.313,3,3
433589,Yusmeiro,Petit,0,.---,0,0,.---,0,0
502593,Jake,Petricka,0,.000,0,1,.000,0,0
502054,Tommy,Pham,136,.275,21,494,.367,15,63
572033,Josh,Phegley,19,.204,2,93,.255,0,15
408252,Brandon,Phillips,3,.130,1,23,.259,0,2
621433,Brett,Phillips,25,.187,2,134,.252,1,11
623465,Evan,Phillips,0,.---,0,0,.---,0,0
607680,Kevin,Pillar,129,.252,15,512,.282,14,59
444489,Manny,Pina,77,.252,9,306,.307,2,28
640461,Chad,Pinder,77,.258,13,298,.332,0,27
517369,Jose,Pirela,109,.249,5,438,.300,6,32
572039,Stephen,Piscotty,146,.267,27,546,.331,2,88
601713,Nick,Pivetta,4,.100,0,40,.143,0,1
608700,Kevin,Plawecki,50,.210,7,238,.315,0,30
461858,Trevor,Plouffe,3,.250,1,12,.250,0,3
592644,Adam,Plutko,0,.---,0,0,.---,0,0
570256,Gregory,Polanco,117,.254,23,461,.340,12,81
593871,Jorge,Polanco,87,.288,6,302,.345,7,42
572041,AJ,Pollock,106,.257,21,413,.316,13,65
519141,Drew,Pomeranz,0,.---,0,0,.---,0,0
592647,Dalton,Pompey,2,.200,0,10,.273,0,0
594965,Daniel,Ponce de Leon,1,.111,0,9,.111,0,1
519144,Rick,Porcello,3,.429,0,7,.429,0,3
457763,Buster,Posey,113,.284,5,398,.359,3,41
572044,Brooks,Pounders,0,.---,0,0,.---,0,0
621471,Boog,Powell,4,.167,0,24,.200,1,0
596074,Bobby,Poyner,0,.---,0,0,.---,0,0
445988,Martin,Prado,48,.244,1,197,.287,1,18
519151,Ryan,Pressly,0,.---,0,0,.---,0,0
456034,,,,,,,,,
595777,Jurickson,Profar,133,.254,20,524,.335,10,77
643493,Austin,Pruitt,0,.---,0,0,.---,0,0
624577,Yasiel,Puig,108,.267,23,405,.327,15,63
405395,Albert,Pujols,114,.245,19,465,.289,1,64
534812,Kevin,Quackenbush,0,.---,0,0,.---,0,0
596451,Roman,Quinn,34,.260,2,131,.317,10,12
500779,Jose,Quintana,4,.077,0,52,.077,0,0
663432,Tanner,Rainey,0,.---,0,0,.---,0,0
570702,,,,,,,,,
541640,Erasmo,Ramirez,0,.000,0,3,.000,0,0
434670,Hanley,Ramirez,45,.254,6,177,.313,4,29
500724,,,,,,,,,
608070,Jose,Ramirez,156,.270,39,578,.387,34,105
542432,Jose,Ramirez,0,.---,0,0,.---,0,0
519166,Neil,Ramirez,0,.000,0,1,.000,0,0
598287,Noe,Ramirez,0,.---,0,0,.---,0,0
606162,Yefry,Ramirez,0,.000,0,2,.000,0,0
573109,AJ,Ramos,0,.---,0,0,.---,0,0
591693,Edubray,Ramos,0,.---,0,0,.---,0,0
467092,Wilson,Ramos,117,.306,15,382,.358,0,70
458675,Colby,Rasmus,6,.133,1,45,.204,0,1
502051,Josh,Ravin,0,.---,0,0,.---,0,0
592662,Robbie,Ray,3,.077,0,39,.075,0,2
592663,J.T.,Realmuto,132,.277,21,477,.340,3,74
502210,Josh,Reddick,105,.242,17,433,.318,7,47
592665,Addison,Reed,0,.---,0,0,.---,0,0
607223,AJ,Reed,0,.000,0,3,.000,0,0
642003,Cody,Reed,0,.000,0,11,.083,0,0
605439,Michael,Reed,2,.286,0,7,.286,0,0
608701,Rob,Refsnyder,14,.167,2,84,.314,0,5
656887,Sean,Reid-Foley,0,.000,0,3,.000,0,0
595373,Jack,Reinheimer,5,.167,0,30,.286,1,0
643617,Zac,Reininger,0,.---,0,0,.---,0,0
573113,Tony,Renda,0,.---,0,0,.---,0,0
543685,Anthony,Rendon,163,.308,24,529,.374,2,92
592669,Hunter,Renfroe,100,.248,26,403,.302,2,68
621052,Alex,Reyes,0,.000,0,1,.000,0,0
614177,Franmil,Reyes,73,.280,16,261,.340,0,31
660875,Jesus,Reyes,0,.---,0,0,.---,0,0
408314,Jose,Reyes,43,.189,4,228,.260,5,16
622569,Pablo,Reyes,17,.293,3,58,.349,0,7
622682,Victor,Reyes,47,.222,1,212,.239,9,12
448602,Mark,Reynolds,51,.248,13,206,.328,0,40
608703,Matt,Reynolds,2,.154,0,13,.214,0,1
642008,Jacob,Rhame,0,.000,0,1,.000,0,0
453385,Clayton,Richard,4,.095,1,42,.156,0,3
572070,,,,,,,,,
670950,Trevor,Richards,2,.065,0,31,.094,0,2
572073,Joey,Rickard,52,.244,8,213,.300,4,23
595375,JT,Riddle,71,.231,9,308,.277,0,36
605441,Yacksel,Rios,0,.000,0,1,.000,0,0
425784,Rene,Rivera,20,.233,4,86,.275,0,11
592680,Yadiel,Rivera,24,.173,1,139,.269,2,9
519203,Anthony,Rizzo,160,.283,25,566,.376,6,101
543699,Tanner,Roark,11,.190,0,58,.217,0,8
621002,Daniel,Robertson,74,.262,9,282,.382,2,34
502085,David,Robertson,0,.---,0,0,.---,0,0
592685,Drew,Robinson,20,.183,3,109,.288,2,9
453203,Shane,Robinson,7,.143,1,49,.208,1,2
570663,Hansel,Robles,0,.000,0,1,.000,0,0
645302,Victor,Robles,17,.288,3,59,.348,3,10
407845,Fernando,Rodney,0,.---,0,0,.---,0,0
607074,,,,,,,,,
605446,Dereck,Rodriguez,3,.094,0,32,.094,0,1
593958,Eduardo,Rodriguez,0,.000,0,2,.000,0,0
622446,Jefry,Rodriguez,3,.188,0,16,.188,0,1
600965,,,,,,,,,
593144,Richard,Rodriguez,0,.000,0,2,.000,0,0
500135,Ronny,Rodriguez,42,.220,5,191,.256,2,20
446481,Sean,Rodriguez,25,.167,5,150,.277,1,19
475054,Chaz,Roe,0,.---,0,0,.---,0,0
642028,,,,,,,,,
573124,Taylor,Rogers,0,.---,0,0,.---,0,0
500743,Miguel,Rojas,123,.252,11,488,.297,6,53
607219,Sal,Romano,2,.056,0,36,.056,0,2
544836,Enny,Romero,1,1.000,0,1,1.000,0,0
622864,Fernando,Romero,0,.000,0,3,.000,0,0
461865,Andrew,Romine,25,.210,0,119,.260,1,2
519222,Austin,Romine,59,.244,10,242,.295,1,42
489265,Sergio,Romo,0,.000,0,1,.000,0,0
541652,Bruce,Rondon,0,.---,0,0,.---,0,0
444468,Hector,Rondon,0,.---,0,0,.---,0,0
602922,Jose,Rondon,23,.230,6,100,.280,2,14
489267,Adam,Rosales,4,.211,1,19,.250,0,2
642708,Amed,Rosario,142,.256,9,554,.295,24,51
592696,Eddie,Rosario,161,.288,24,559,.323,8,77
600968,Randy,Rosario,1,1.000,0,1,1.000,0,1
605452,Joe,Ross,0,.000,0,5,.000,0,0
475115,Tyson,Ross,8,.195,1,41,.209,1,4
573127,Zac,Rosscup,0,.---,0,0,.---,0,0
635903,,,,,,,,,
607387,Ryan,Rua,27,.194,6,139,.221,3,12
607968,Drew,Rucinski,0,.000,0,4,.000,0,0
614179,,,,,,,,,
547004,Rio,Ruiz,1,.083,0,12,.267,0,0
592705,,,,,,,,,
543734,Chris,Rusin,2,.500,0,4,.500,0,0
608365,Addison,Russell,105,.250,5,420,.317,4,38
547943,Hyun Jin,Ryu,7,.269,0,26,.321,0,2
519240,,,,,,,,,
282332,,,,,,,,,
594987,Casey,Sadler,0,.000,0,2,.000,0,0
592712,Connor,Sadzeck,0,.---,0,0,.---,0,0
573135,Tyler,Saladino,31,.246,5,126,.299,2,16
477569,Fernando,Salas,0,.000,0,1,.000,0,0
519242,Chris,Sale,0,.000,0,2,.000,0,0
457454,Jarrod,Saltalamacchia,0,.000,0,7,.125,0,0
502188,Jeff,Samardzija,1,.100,0,10,.100,0,0
592716,,,,,,,,,
592717,Aaron,Sanchez,0,.000,0,1,.000,0,0
506703,Adrian,Sanchez,16,.276,0,58,.288,0,3
434671,Anibal,Sanchez,1,.024,0,41,.048,0,0
596142,Gary,Sanchez,60,.186,18,323,.291,1,53
570560,Yolmer,Sanchez,145,.242,8,600,.306,14,55
467055,Pablo,Sandoval,57,.248,9,230,.310,0,40
593934,Miguel,Sano,53,.199,13,266,.281,0,41
467793,Carlos,Santana,128,.229,24,560,.352,2,86
542454,Danny,Santana,5,.179,0,28,.281,1,2
642701,Dennis,Santana,1,.500,0,2,.500,0,2
570267,Domingo,Santana,56,.265,5,211,.328,1,20
650828,Edgar,Santana,0,.---,0,0,.---,0,0
429722,,,,,,,,,
623993,Anthony,Santander,20,.198,1,101,.250,1,6
502327,Hector,Santiago,0,.000,0,4,.000,0,0
608601,Luis,Santos,0,.---,0,0,.---,0,0
596143,Luis,Sardinas,2,.111,1,18,.200,0,1
599683,Warwick,Saupold,0,.000,0,1,.000,0,0
543746,,,,,,,,,
594988,Scott,Schebler,97,.255,17,380,.337,4,49
453286,Max,Scherzer,17,.243,0,70,.274,1,6
572114,Ryan,Schimpf,1,.200,1,5,.429,0,2
570731,Jonathan,Schoop,110,.233,21,473,.266,1,61
621289,,,,,,,,,
656941,Kyle,Schwarber,102,.238,26,428,.356,4,61
582494,Robby,Scott,0,.---,0,0,.---,0,0
656945,Tanner,Scott,0,.---,0,0,.---,0,0
644428,Troy,Scribner,0,.000,0,1,.000,0,0
608369,Corey,Seager,27,.267,2,101,.348,0,13
572122,Kyle,Seager,129,.221,22,583,.273,2,78
516416,Jean,Segura,178,.304,10,586,.341,20,63
543760,Marcus,Semien,161,.255,15,632,.318,14,70
622608,Antonio,Senzatela,2,.083,0,24,.083,0,3
622663,Luis,Severino,0,.000,0,5,.000,0,0
600474,Pedro,Severino,32,.168,2,190,.254,1,15
623149,Paul,Sewald,0,.000,0,5,.000,0,0
594992,Kevin,Shackelford,0,.000,0,1,.000,0,0
596101,,,,,,,,,
543766,Bryan,Shaw,0,.---,0,0,.---,0,0
622046,Chris,Shaw,10,.185,1,54,.274,1,7
543768,Travis,Shaw,120,.241,32,498,.345,5,86
656954,,,,,,,,,
642073,James,Sherfy,0,.---,0,0,.---,0,0
595411,Ryan,Sherriff,0,.---,0,0,.---,0,0
448306,James,Shields,1,.167,0,6,.167,0,0
640463,Braden,Shipley,0,.000,0,2,.000,0,0
533167,,,,,,,,,
592741,Chasen,Shreve,0,.000,0,1,.000,0,0
543776,JB,Shuck,25,.192,0,130,.255,2,4
642423,Magneuris,Sierra,28,.190,0,147,.222,3,7
501213,Moises,Sierra,9,.167,0,54,.217,1,4
592743,Andrelton,Simmons,162,.292,11,554,.337,10,75
608371,Lucas,Sims,0,.000,0,2,.000,0,0
448609,Tony,Sipp,0,.---,0,0,.---,0,0
642082,Chance,Sisco,29,.181,2,160,.288,1,16
572140,,,,,,,,,
607215,Eric,Skoglund,0,.000,0,3,.000,0,0
605474,Matt,Skole,3,.273,1,11,.385,0,1
596103,Austin,Slater,50,.251,1,199,.333,7,23
642083,,,,,,,,,
572143,Burch,Smith,0,.---,0,0,.---,0,0
592761,Caleb,Smith,3,.136,0,22,.136,0,1
605476,Carson,Smith,0,.---,0,0,.---,0,0
642086,Dominic,Smith,32,.224,5,143,.255,0,11
622098,Drew,Smith,0,.---,0,0,.---,0,0
596105,Dwight,Smith,17,.262,2,65,.347,0,8
501925,Joe,Smith,0,.---,0,0,.---,0,0
607345,Kevan,Smith,50,.292,3,171,.348,1,21
605480,Mallex,Smith,142,.296,2,480,.367,40,40
573166,Murphy,Smith,0,.---,0,0,.---,0,0
519293,Will,Smith,0,.---,0,0,.---,0,0
475253,Justin,Smoak,122,.242,25,505,.350,0,77
519294,Josh,Smoker,0,.---,0,0,.---,0,0
519295,Jake,Smolinski,5,.128,0,39,.171,1,2
605483,Blake,Snell,0,.000,0,1,.667,0,0
592769,D.J.,Snelten,0,.000,0,1,.000,0,0
474319,Brandon,Snyder,1,.167,0,6,.167,0,0
656977,Chad,Sobotka,1,1.000,0,1,1.000,0,0
462515,Miguel,Socolovich,0,.---,0,0,.---,0,0
519299,Eric,Sogard,13,.134,0,97,.241,3,2
500208,Yangervis,Solarte,106,.226,17,468,.277,1,54
624585,Jorge,Soler,59,.265,9,223,.354,3,28
519301,Sammy,Solis,0,.---,0,0,.---,0,0
465657,Joakim,Soria,0,.---,0,0,.---,0,0
647336,Mike,Soroka,1,.125,0,8,.125,0,0
624641,Edmundo,Sosa,0,.000,0,2,.333,0,0
665742,Juan,Soto,121,.292,22,414,.406,5,70
519306,Steven,Souza Jr.,53,.220,5,241,.309,6,29
452655,Denard,Span,114,.261,11,437,.341,9,58
605486,Cory,Spangenberg,70,.235,7,298,.298,6,25
642098,,,,,,,,,
543807,George,Springer,144,.265,22,544,.346,6,71
605488,Jeffrey,Springs,0,.---,0,0,.---,0,0
607732,Jacob,Stallings,8,.216,0,37,.268,0,5
489334,Craig,Stammen,0,.---,0,0,.---,0,0
592773,Ryne,Stanek,0,.---,0,0,.---,0,0
519317,Giancarlo,Stanton,164,.266,38,617,.343,5,100
545358,Max,Stassi,50,.226,8,221,.316,0,27
608716,Drew,Steckenrider,0,.---,0,0,.---,0,0
623451,Jackson,Stephens,0,.000,0,2,.333,0,0
596112,Robert,Stephenson,0,.000,0,2,.333,0,0
664057,Andrew,Stevenson,19,.253,1,75,.306,1,13
592779,Brock,Stewart,0,.000,0,2,.000,0,0
455755,Chris,Stewart,3,.200,0,15,.235,0,3
621514,Christin,Stewart,16,.267,2,60,.375,0,10
621466,DJ,Stewart,10,.250,3,40,.340,2,10
640464,,,,,,,,,
476594,Robert,Stock,0,.---,0,0,.---,0,0
596115,Trevor,Story,174,.291,37,598,.348,27,108
657770,,,,,,,,,
621381,Matt,Strahm,0,.000,0,8,.000,0,0
573185,Dan,Straily,5,.161,0,31,.350,0,1
543829,Dee,Strange-Gordon,149,.268,4,556,.288,30,36
544931,Stephen,Strasburg,5,.122,0,41,.163,0,1
608717,Chris,Stratton,6,.140,0,43,.136,0,5
664702,Myles,Straw,3,.333,1,9,.400,2,1
519326,Hunter,Strickland,0,.---,0,0,.---,0,0
548389,Ross,Stripling,3,.091,0,33,.091,1,2
573186,Marcus,Stroman,1,.333,0,3,.333,0,0
467008,Pedro,Strop,0,.000,0,2,.000,0,0
621385,Daniel,Stumpf,0,.---,0,0,.---,0,0
605498,Andrew,Suarez,3,.064,0,47,.102,0,0
553993,Eugenio,Suarez,149,.283,34,527,.366,1,104
624133,Ranger,Suarez,1,.167,0,6,.167,0,0
491696,Jesus,Sucre,38,.209,1,182,.247,1,17
593833,Wander,Suero,0,.000,0,3,.000,0,0
572180,Andrew,Susac,3,.115,0,26,.115,0,0
608718,Brent,Suter,5,.192,1,26,.323,0,3
400085,Ichiro,Suzuki,9,.205,0,44,.255,0,0
435559,Kurt,Suzuki,94,.271,12,347,.332,0,50
621020,Dansby,Swanson,114,.238,14,478,.304,10,59
461872,Anthony,Swarzak,0,.---,0,0,.---,0,0
572182,Darnell,Sweeney,0,.000,0,2,.500,0,0
596119,Blake,Swihart,44,.229,3,192,.285,6,18
592789,Noah,Syndergaard,6,.128,0,47,.143,0,3
519333,Matt,Szczur,14,.187,1,75,.265,3,6
592791,Jameson,Taillon,4,.070,0,57,.086,0,3
547888,Masahiro,Tanaka,0,.000,0,6,.000,0,0
606132,Raimel,Tapia,5,.200,1,25,.259,0,6
605501,,,,,,,,,
643565,Mike,Tauchman,3,.094,0,32,.194,1,0
607333,Beau,Taylor,1,.200,0,5,.333,0,0
664701,,,,,,,,,
621035,Chris,Taylor,136,.254,17,536,.331,9,63
572191,Michael A.,Taylor,80,.227,6,353,.287,24,28
547749,Junichi,Tazawa,0,.---,0,0,.---,0,0
527054,Julio,Teheran,7,.175,1,40,.190,0,4
542513,Tomas,Telis,6,.207,0,29,.258,0,1
642133,Rowdy,Tellez,22,.314,4,70,.329,0,14
572193,Ryan,Tepera,0,.---,0,0,.---,0,0
519346,Eric,Thames,54,.219,16,247,.306,7,37
622097,Jake,Thompson,0,.000,0,2,.000,0,0
572204,Trayce,Thompson,15,.117,3,128,.162,3,9
592804,,,,,,,,,
501957,,,,,,,,,
605508,Charlie,Tilson,28,.264,0,106,.331,2,11
624636,Carlos,Tocci,27,.225,0,120,.271,0,5
592808,Andrew,Toles,7,.233,0,30,.281,1,4
458708,Josh,Tomlin,0,.---,0,0,.---,0,0
605509,Kelby,Tomlinson,29,.207,0,140,.265,0,10
448614,Carlos,Torres,0,.---,0,0,.---,0,0
650402,Gleyber,Torres,117,.271,24,431,.340,6,77
593527,Ramon,Torres,5,.179,0,28,.207,0,1
591720,Ronald,Torreyes,28,.280,0,100,.294,0,7
657053,Touki,Toussaint,1,.100,0,10,.100,0,0
664167,Blake,Trahan,3,.214,0,14,.214,0,0
581527,Devon,Travis,83,.232,11,357,.275,3,44
607752,Sam,Travis,8,.222,1,36,.263,0,7
595014,Blake,Treinen,0,.---,0,0,.---,0,0
624431,Jose,Trevino,2,.250,0,8,.250,0,3
592811,,,,,,,,,
642152,Lou,Trivino,0,.---,0,0,.---,0,0
607374,,,,,,,,,
545361,Mike,Trout,147,.312,39,471,.460,24,79
444432,Mark,Trumbo,86,.261,17,330,.313,0,44
627500,Jen-Ho,Tseng,0,.---,0,0,.---,0,0
663656,Kyle,Tucker,9,.141,0,64,.236,1,4
605512,Preston,Tucker,38,.229,6,166,.299,0,27
592815,Sam,Tuivailala,0,.---,0,0,.---,0,0
605513,Spencer,Turnbull,0,.000,0,2,.000,0,0
545363,Jacob,Turner,0,.---,0,0,.---,0,0
457759,Justin,Turner,114,.312,14,365,.406,2,52
607208,Trea,Turner,180,.271,19,664,.344,43,73
621249,Duane,Underwood,0,.000,0,1,.000,0,0
457708,Justin,Upton,137,.257,30,533,.344,8,85
570632,Jose,Urena,2,.042,0,48,.061,0,1
620446,Richard,Urena,29,.293,1,99,.340,2,6
628711,Julio,Urias,0,.000,0,1,.000,0,0
649966,Luis,Urias,10,.208,2,48,.264,1,5
570482,Gio,Urshela,10,.233,1,43,.283,0,3
400284,Chase,Utley,35,.213,1,164,.305,3,14
642162,Pat,Valaika,19,.156,2,122,.214,0,5
472528,Luis,Valbuena,53,.199,9,266,.253,3,33
664285,,,,,,,,,
572308,Jose A.,Valdez,0,.---,0,0,.---,0,0
502143,Danny,Valencia,67,.263,9,255,.316,1,28
621044,Jesmuel,Valentin,14,.177,1,79,.258,0,6
591971,Breyvic,Valera,15,.234,0,64,.301,1,8
545121,Ildemaro,Vargas,4,.211,1,19,.250,1,4
450306,Jason,Vargas,4,.148,0,27,.179,0,0
607755,,,,,,,,,
657786,Jerry,Vasto,0,.---,0,0,.---,0,0
543877,Christian,Vazquez,52,.207,3,251,.257,4,16
553878,Felipe,Vazquez,0,.000,0,1,.000,0,0
592826,Vince,Velasquez,9,.225,0,40,.225,0,1
623205,Andrew,Velazquez,3,.300,0,10,.417,1,0
584171,Hector,Velazquez,0,.000,0,1,.000,0,0
519381,Pat,Venditte,0,.---,0,0,.---,0,0
458924,Jonny,Venters,0,.---,0,0,.---,0,0
657077,Alex,Verdugo,20,.260,1,77,.329,0,4
572403,Drew,VerHagen,0,.000,0,1,.000,0,0
434378,Justin,Verlander,1,.200,0,5,.200,0,0
600986,,,,,,,,,
622713,Engelb,Vielma,1,.143,0,7,.250,0,0
570799,Christian,Villanueva,83,.236,20,351,.299,3,46
542340,Jonathan,Villar,121,.260,14,466,.325,35,46
650619,Meibrys,Viloria,7,.259,0,27,.286,0,4
572227,Zach,Vincej,2,.500,0,4,.500,0,1
543883,Nick,Vincent,0,.---,0,0,.---,0,0
527055,Arodys,Vizcaino,0,.---,0,0,.---,0,0
596129,Daniel,Vogelbach,18,.207,4,87,.324,0,13
572228,Luke,Voit,46,.322,15,143,.398,0,36
458690,Chris,Volstad,0,.---,0,0,.---,0,0
608723,Austin,Voth,0,.000,0,2,.000,0,0
458015,Joey,Votto,143,.284,12,503,.417,2,67
608379,Michael,Wacha,2,.080,0,25,.115,0,1
642180,Tyler,Wade,11,.167,1,66,.214,1,5
592833,Bobby,Wahl,0,.---,0,0,.---,0,0
425794,Adam,Wainwright,1,.091,0,11,.091,0,1
519393,Marcus,Walden,0,.---,0,0,.---,0,0
605520,Mitch,Walding,1,.059,1,17,.158,0,2
572233,Christian,Walker,8,.163,3,49,.226,1,6
435522,Neil,Walker,76,.219,11,347,.309,0,46
592836,Taijuan,Walker,0,.000,0,4,.000,0,0
595453,Chad,Wallach,8,.178,1,45,.275,0,5
621493,Taylor,Ward,24,.178,6,135,.245,2,15
476589,Adam,Warren,0,.---,0,0,.---,0,0
453265,Tony,Watson,0,.---,0,0,.---,0,0
596133,Luke,Weaver,6,.158,0,38,.179,0,2
643778,Tyler,Webb,0,.000,0,1,.000,0,0
543901,Ryan,Weber,0,.000,0,1,.000,0,0
543903,Allen,Webster,0,.---,0,0,.---,0,0
592848,Zack,Weiss,0,.---,0,0,.---,0,0
605525,J.B.,Wendelken,0,.---,0,0,.---,0,0
621563,Joey,Wendle,146,.300,7,487,.354,16,61
547007,,,,,,,,,
554430,Zack,Wheeler,11,.196,0,56,.193,0,4
643603,Tyler,White,58,.276,12,210,.354,0,42
595032,Chase,Whitley,0,.---,0,0,.---,0,0
592858,Rowan,Wick,0,.---,0,0,.---,0,0
623364,Brad,Wieck,0,.---,0,0,.---,0,0
446308,Matt,Wieters,56,.238,8,235,.330,0,30
658792,Aaron,Wilkerson,0,.000,0,2,.000,0,0
592859,Stevie,Wilkerson,8,.174,0,46,.224,1,3
657117,Austen,Williams,0,.---,0,0,.---,0,0
642211,Justin,Williams,0,.000,0,1,.000,0,0
592863,Mason,Williams,36,.293,2,123,.331,1,6
608384,Nick,Williams,104,.256,17,407,.324,3,50
592865,Taylor,Williams,1,.250,0,4,.250,0,0
592866,Trevor,Williams,5,.116,0,43,.156,0,0
607776,Mac,Williamson,20,.213,4,94,.295,1,11
543935,Alex,Wilson,0,.---,0,0,.---,0,0
435064,Bobby,Wilson,24,.178,2,135,.242,0,16
669060,Bryse,Wilson,0,.000,0,2,.000,0,0
458677,Justin,Wilson,0,.000,0,1,.000,0,0
622259,Trey,Wingenter,0,.---,0,0,.---,0,0
608385,Jesse,Winker,84,.299,7,281,.405,0,43
595465,Dan,Winkler,0,.000,0,1,.000,0,0
621550,Patrick,Wisdom,13,.260,4,50,.362,2,10
605538,Matt,Wisler,0,.000,0,8,.000,0,0
621295,Nick,Wittgren,0,.---,0,0,.---,0,0
547172,Tony,Wolters,31,.170,3,182,.292,2,27
543939,Kolten,Wong,88,.249,9,353,.332,6,38
622072,Alex,Wood,2,.045,0,44,.045,1,0
502028,,,,,,,,,
621056,Hunter,Wood,0,.---,0,0,.---,0,0
605540,Brandon,Woodruff,2,.250,1,8,.333,0,1
519443,Brandon,Workman,0,.---,0,0,.---,0,0
431151,David,Wright,0,.000,0,2,.333,0,0
657140,Kyle,Wright,0,.---,0,0,.---,0,0
605541,Mike,Wright Jr.,0,.000,0,1,.000,0,0
453214,Steven,Wright,0,.---,0,0,.---,0,0
642851,Austin,Wynns,28,.255,4,110,.287,0,11
642231,,,,,,,,,
642232,Ryan,Yarbrough,0,.000,0,3,.000,0,0
489446,Kirby,Yates,0,.000,0,2,.000,0,0
592885,Christian,Yelich,187,.326,36,574,.402,22,110
458913,Eric,Young Jr.,22,.202,1,109,.248,5,8
455759,Chris,Young,19,.168,6,113,.252,2,13
657145,Mark,Zagunis,2,.400,0,5,.500,0,1
489448,Mike,Zagurski,0,.---,0,0,.---,0,0
623354,Daniel,Zamora,0,.---,0,0,.---,0,0
642239,Rob,Zastryzny,0,.---,0,0,.---,0,0
446899,Brad,Ziegler,0,.---,0,0,.---,0,0
605548,Bradley,Zimmer,24,.226,2,106,.281,4,9
475582,Ryan,Zimmerman,76,.264,13,288,.337,1,51
519455,Jordan,Zimmermann,0,.000,0,2,.000,0,0
450314,Ben,Zobrist,139,.305,9,455,.378,3,58
572287,Mike,Zunino,75,.201,20,373,.259,0,44
